run_id,run_name,dataset,model,gnn_type,hidden_channels,num_layers,lr,weight_decay,batch_size,singletons_only,loss_ablation,use_bce_loss,use_mr_loss,use_ms_loss,train_loss,train_bce,train_mr,train_ms,train_acc,val_loss,val_f1,val_auroc_entropy,test_acc_id,test_auroc_entropy,epoch,num_id_classes,focal_strategy,num_output_heads,ablation_group
21flae8w,run-20260322_152802-21flae8w,patents,random_set,GAT,64,2,0.05908292139945493,0.0787415817945985,256,False,full,False,False,False,0.6280415654182434,0.6275456547737122,0.1476234346628189,,0.4017094075679779,0.6295807957649231,0.3559924364089966,0.5,0.35477855801582336,0.5,135.0,3,full_power_set,7,standard_focal_sets__full
fzbtyr5o,run-20260322_204233-fzbtyr5o,patents,random_set,GAT,256,2,0.031211729417154194,0.015038221998688258,256,False,full,False,False,False,0.5479661226272583,0.5478960275650024,0.015947561711072922,,0.523809552192688,0.552906334400177,0.3553556799888611,0.4488188922405243,0.35615164041519165,0.2571614384651184,76.0,3,full_power_set,7,standard_focal_sets__full
il5bpao2,run-20260323_021314-il5bpao2,patents,random_set,GAT,256,2,0.03203622241759303,0.058600409088208,256,False,full,False,False,False,0.6182435750961304,0.6177969574928284,0.13193726539611816,,0.3870967626571655,0.6186370253562927,0.3542759120464325,0.44337475299835205,0.35470765829086304,0.4725557565689087,142.0,3,full_power_set,7,standard_focal_sets__full
8lkr1zwn,run-20260323_122209-8lkr1zwn,patents,random_set,GAT,128,2,0.06732710300314552,0.08653357748025169,256,False,full,False,False,False,0.6342954635620117,0.633786678314209,0.15243875980377197,,0.3056994676589966,0.634124219417572,0.3147924244403839,0.5,0.31330499053001404,0.5,69.0,3,full_power_set,7,standard_focal_sets__full
28mvkxiw,run-20260325_202421-28mvkxiw,reddit2,random_set,GAT,256,3,0.01983826602581123,0.05664843617252987,256,False,full,False,False,False,,,,,,,,,,,,,,,standard_focal_sets__full
ulgk496g,run-20260325_203842-ulgk496g,reddit2,random_set,GAT,64,2,0.035062071951595566,0.008904391734690929,256,False,full,False,False,False,0.2017662227153778,0.20149190723896027,0.009439695626497269,,0.17073170840740204,0.20124158263206482,0.20117627084255219,0.45446473360061646,0.20275363326072693,0.453743577003479,64.0,30,budgeted,62,standard_focal_sets__full
zdw8d7vd,run-20260326_165716-zdw8d7vd,reddit2,random_set,GAT,64,2,0.05770824117964136,0.0486140609074758,256,False,full,False,False,False,0.2609746754169464,0.2603705823421478,0.01725352369248867,,0.04878048598766327,0.2851872444152832,0.0731707289814949,0.628626823425293,0.07263367623090744,0.6231744885444641,53.0,30,budgeted,62,standard_focal_sets__full
cvy2usq8,run-20260326_181619-cvy2usq8,reddit2,random_set,GAT,128,3,0.09662544438004256,0.0755368386095787,256,False,full,False,False,False,0.22669830918312073,0.22656936943531036,0.0269219521433115,,0.21463415026664734,0.23414741456508636,0.08654788881540298,0.5383648872375488,0.08620477467775345,0.5330538749694824,65.0,30,budgeted,62,standard_focal_sets__full
gk54h5jv,run-20260327_071558-gk54h5jv,reddit2,random_set,GAT,128,2,0.004184057186850742,0.0664875345567786,256,False,full,False,False,False,0.26080521941185,0.2604949474334717,0.01864144578576088,,0.19512194395065308,0.25914907455444336,0.20071499049663544,0.6816710829734802,0.2026551067829132,0.673856794834137,77.0,30,budgeted,62,standard_focal_sets__full
nqhw7x8w,run-20260327_094914-nqhw7x8w,reddit2,random_set,GAT,64,2,0.02416180251367649,0.06294312603662905,256,False,full,False,False,False,0.2406318336725235,0.24016867578029633,0.01875731348991394,,0.1024390235543251,0.2291054129600525,0.08452977985143661,0.5264464616775513,0.08425901085138321,0.5182159543037415,130.0,30,budgeted,62,standard_focal_sets__full
cy5abf8a,run-20260327_131215-cy5abf8a,reddit2,random_set,GAT,64,3,0.06420170941071374,0.029896521956680924,256,False,full,False,False,False,0.17129158973693848,0.1709142029285431,0.012551170773804188,,0.1317073106765747,0.16873209178447723,0.20059967041015625,0.48721423745155334,0.2023349106311798,0.47803592681884766,159.0,30,budgeted,62,standard_focal_sets__full
b72kfown,run-20260328_141756-b72kfown,reddit2,random_set,GAT,64,3,0.08477775926421564,0.05068637981081841,256,False,full,False,False,False,0.20286253094673157,0.20262980461120605,0.05033988505601883,,0.1317073106765747,0.18805968761444092,0.20071499049663544,0.4130552411079407,0.2026551067829132,0.41336554288864136,86.0,30,budgeted,62,standard_focal_sets__full
odfo0ra7,run-20260329_050201-odfo0ra7,reddit2,random_set,GAT,256,2,0.0098628481119961,0.04889436118047165,256,False,full,False,False,False,0.23330865800380707,0.2330094426870346,0.028900550678372383,,0.13658536970615387,0.2237062007188797,0.201060950756073,0.5562958121299744,0.20228566229343414,0.5496262311935425,113.0,30,budgeted,62,standard_focal_sets__full
uprnsngr,run-20260329_103444-uprnsngr,reddit2,random_set,GAT,128,2,0.006711922620805419,0.06243079725007904,256,False,full,False,False,False,0.2832877039909363,0.2829771339893341,0.035219453275203705,,0.08292683213949203,0.2565135061740875,0.1675027459859848,0.659546971321106,0.16893672943115234,0.6523579359054565,118.0,30,budgeted,62,standard_focal_sets__full
h7nvoz4i,run-20260329_143909-h7nvoz4i,reddit2,random_set,GAT,256,2,0.015656116199485533,0.05573574790903194,256,False,full,False,False,False,0.2596893012523651,0.25941088795661926,0.028145529329776764,,0.11219511926174164,0.2795119881629944,0.06982644647359848,0.6738930940628052,0.07019531726837158,0.6685687899589539,66.0,30,budgeted,62,standard_focal_sets__full
8wb8koxz,run-20260329_175459-8wb8koxz,reddit2,random_set,GAT,128,2,0.06884317694261259,0.028684363257667465,256,False,full,False,False,False,0.2459174245595932,0.24550630152225494,0.020787900313735008,,0.039024390280246735,0.2435787469148636,0.09485094994306564,0.4933580160140991,0.09475135803222656,0.49090826511383057,168.0,30,budgeted,62,standard_focal_sets__full
ojza3nhu,run-20260330_050228-ojza3nhu,patents,random_set,GAT,128,2,0.013813734580532203,0.015392952129797986,256,False,full,False,False,False,0.5541056394577026,0.5540390014648438,0.01514873094856739,,0.3333333432674408,0.5528162717819214,0.35607829689979553,0.4513888657093048,0.35490134358406067,0.3744971752166748,56.0,3,full_power_set,7,standard_focal_sets__full
t57c77m2,run-20260330_074527-t57c77m2,patents,random_set,GAT,128,2,0.04875134384525136,0.058781430230466135,256,False,full,False,False,False,0.6195085048675537,0.6190597414970398,0.13329699635505676,,0.4117647111415863,0.6199122071266174,0.33076363801956177,0.5,0.3291693925857544,0.5,105.0,3,full_power_set,7,standard_focal_sets__full
66z9ayzk,run-20260330_125616-66z9ayzk,patents,random_set,GAT,128,2,0.05545998461657677,0.047662904617382304,256,False,full,False,False,False,0.6021955609321594,0.6018226742744446,0.10962752997875214,,0.4716981053352356,0.602235734462738,0.35657766461372375,0.5,0.35680076479911804,0.4932432472705841,88.0,3,full_power_set,7,standard_focal_sets__full
b20eaiuy,run-20260330_171852-b20eaiuy,patents,random_set,GAT,128,2,0.0993989317110384,0.04898549345099636,256,False,full,False,False,False,0.6025512218475342,0.6021761894226074,0.10698720812797546,,0.3478260934352875,0.6034345626831055,0.3565952777862549,0.2992207407951355,0.3560473620891571,0.42143380641937256,96.0,3,full_power_set,7,standard_focal_sets__full
nqhsl304,run-20260331_035734-nqhsl304,patents,random_set,GAT,256,2,0.03067422610673862,0.024798296001475203,256,False,full,False,False,False,0.5592105984687805,0.5591151714324951,0.018463134765625,,0.3181818127632141,0.5590364933013916,0.3143002986907959,0.3910405933856964,0.3138604462146759,0.4700310230255127,51.0,3,full_power_set,7,standard_focal_sets__full
031yizvi,run-20260331_075742-031yizvi,patents,random_set,GAT,64,2,0.06873109958054868,0.059774743190011186,256,False,full,False,False,False,0.619993269443512,0.6195409893989563,0.13432902097702026,,0.3571428656578064,0.61970055103302,0.35619673132896423,0.5,0.35556262731552124,0.5,86.0,3,full_power_set,7,standard_focal_sets__full
2jfzedfd,run-20260331_113907-2jfzedfd,patents,random_set,GAT,128,2,0.09060987217470232,0.09592285295200131,256,False,full,False,False,False,0.6381048560142517,0.6375824809074402,0.15603972971439362,,0.3214285671710968,0.6372746229171753,0.35501134395599365,0.5,0.3555034101009369,0.5,54.0,3,full_power_set,7,standard_focal_sets__full
5kqtzn15,run-20260331_143022-5kqtzn15,patents,random_set,GAT,128,2,0.06109115973369348,0.08567264825835529,256,False,full,False,False,False,0.6334784626960754,0.6329715847969055,0.15145209431648254,,0.3211009204387665,0.6331436038017273,0.35514822602272034,0.5,0.35669180750846863,0.5,56.0,3,full_power_set,7,standard_focal_sets__full
h6fz4p3r,run-20260331_172655-h6fz4p3r,patents,random_set,GAT,64,2,0.03530316756645888,0.0923672407221751,256,False,full,False,False,False,0.6377586126327515,0.6372414231300354,0.15455737709999084,,0.2530120611190796,0.636014461517334,0.3555664122104645,0.4293747544288635,0.3555881381034851,0.486913800239563,123.0,3,full_power_set,7,standard_focal_sets__full
6nljedfr,run-20260331_223307-6nljedfr,patents,random_set,GAT,256,3,0.08544553135980196,0.09757397730324252,256,False,full,False,False,False,0.6383657455444336,0.6378409266471863,0.15685740113258362,,0.2868216931819916,0.6381212472915649,0.31447166204452515,0.5,0.31353774666786194,0.5,65.0,3,full_power_set,7,standard_focal_sets__full
vcsvfeen,run-20260401_111326-vcsvfeen,patents,random_set,GAT,128,3,0.09586615782892542,0.06302821979647241,256,False,full,False,False,False,0.6233800649642944,0.6229190230369568,0.13736779987812042,,0.3055555522441864,0.6219141483306885,0.35511815547943115,0.5,0.35590508580207825,0.5,127.0,3,full_power_set,7,standard_focal_sets__full
u3av844t,run-20260402_022928-u3av844t,patents,random_set,GAT,128,2,0.09620491168415472,0.05662068230691083,256,False,full,False,False,False,0.617857813835144,0.6174247860908508,0.12813960015773773,,0.29347825050354004,0.6156209707260132,0.35525786876678467,0.5384008288383484,0.35613659024238586,0.5634258985519409,78.0,3,full_power_set,7,standard_focal_sets__full
y4kio79n,run-20260402_072157-y4kio79n,patents,random_set,GAT,128,3,0.08102520058936408,0.03571375013854149,256,False,full,False,False,False,0.5819268822669983,0.5816541910171509,0.08044907450675964,,0.3791208863258362,0.5831683278083801,0.3563397526741028,0.43899452686309814,0.35538190603256226,0.31372547149658203,81.0,3,full_power_set,7,standard_focal_sets__full
e7wymow7,run-20260402_162511-e7wymow7,patents,random_set,GAT,128,2,0.09952306803037037,0.0931966422234261,256,False,full,False,False,False,0.6364427804946899,0.6359245777130127,0.1546030044555664,,0.3333333432674408,0.6360238790512085,0.3553035855293274,0.5,0.3558756411075592,0.5,97.0,3,full_power_set,7,standard_focal_sets__full
gghyjd85,run-20260402_213040-gghyjd85,patents,random_set,GAT,256,3,0.08749626607260468,0.0631613715327477,256,False,full,False,False,False,0.6215934753417969,0.6211326122283936,0.1369791328907013,,0.3358778655529022,0.6217506527900696,0.35647839307785034,0.5,0.3570416569709778,0.5,73.0,3,full_power_set,7,standard_focal_sets__full
w9qv2535,run-20260403_115629-w9qv2535,patents,random_set,GAT,128,2,0.09673015029511652,0.07608554709204557,256,False,full,False,False,False,0.6278596520423889,0.6273698806762695,0.14625602960586548,,0.38805970549583435,0.6289268136024475,0.35609957575798035,0.5,0.35479897260665894,0.5,54.0,3,full_power_set,7,standard_focal_sets__full
u3vxukuv,run-20260403_144709-u3vxukuv,patents,random_set,GAT,64,2,0.07932781257558794,0.02834439012620341,256,False,full,False,False,False,0.5645055174827576,0.5643647313117981,0.03767614811658859,,0.3333333432674408,0.5648686289787292,0.35574230551719666,0.5298885107040405,0.35496702790260315,0.5231814384460449,116.0,3,full_power_set,7,standard_focal_sets__full
46plh9fl,run-20260403_194559-46plh9fl,patents,random_set,GAT,128,2,0.0854111693775116,0.0407308629407704,256,False,full,False,False,False,0.5811015367507935,0.5808620452880859,0.0668414831161499,,0.3645833432674408,0.5844357013702393,0.33053258061408997,0.5267857313156128,0.33144456148147583,0.5154232978820801,129.0,3,full_power_set,7,standard_focal_sets__full
jat12eri,run-20260404_060449-jat12eri,squirrel,random_set,GAT,256,3,0.05411166333181436,0.06241992478798377,-1,False,full,False,False,False,0.622317910194397,0.6218558549880981,0.13551296293735504,,0.33927392959594727,0.622266948223114,0.33095723390579224,0.5,0.3231511116027832,0.4991961419582367,53.0,3,full_power_set,7,standard_focal_sets__full
e55kqm2c,run-20260404_060551-e55kqm2c,squirrel,random_set,GAT,64,2,0.0178117879102026,0.05409947747508788,-1,False,full,False,False,False,0.6112799644470215,0.6108670234680176,0.12211359292268753,,0.33927392959594727,0.6114875078201294,0.33095723390579224,0.5110045075416565,0.3231511116027832,0.5517059564590454,61.0,3,full_power_set,7,standard_focal_sets__full
qoclw6xr,run-20260404_060638-qoclw6xr,squirrel,random_set,GAT,256,2,0.013528216782290528,0.010445283471163582,-1,False,full,False,False,False,0.5490498542785645,0.5489833950996399,0.024287689477205276,,0.33993399143218994,0.5506845712661743,0.35132384300231934,0.6340298056602478,0.3376205861568451,0.647324800491333,63.0,3,full_power_set,7,standard_focal_sets__full
hzg03rjh,run-20260404_060725-hzg03rjh,squirrel,random_set,GAT,256,3,0.02946632979824552,0.08345149295932976,-1,False,full,False,False,False,0.6319320201873779,0.6314314603805542,0.15043556690216064,,0.33927392959594727,0.6321539878845215,0.33095723390579224,0.5,0.3231511116027832,0.5,56.0,3,full_power_set,7,standard_focal_sets__full
xhg8venr,run-20260404_060838-xhg8venr,squirrel,random_set,GAT,256,2,0.025650890969630386,0.00703859840879943,-1,False,full,False,False,False,0.45368972420692444,0.45362234115600586,0.015482768416404724,,0.5564356446266174,0.5453646183013916,0.39409369230270386,0.47489190101623535,0.40192925930023193,0.463901162147522,72.0,3,full_power_set,7,standard_focal_sets__full
i603qqs6,run-20260404_060930-i603qqs6,squirrel,random_set,GAT,256,2,0.0928448748632796,0.0632174601891445,-1,False,full,False,False,False,0.6203965544700623,0.6199440360069275,0.1375805288553238,,0.33927392959594727,0.6202132105827332,0.33095723390579224,0.5068303942680359,0.3231511116027832,0.5125969648361206,55.0,3,full_power_set,7,standard_focal_sets__full
itmz1po5,run-20260404_061012-itmz1po5,squirrel,random_set,GAT,64,3,0.009960447183188424,0.030885114236760523,-1,False,full,False,False,False,0.5718318223953247,0.5716311931610107,0.05151595547795296,,0.33927392959594727,0.5720285177230835,0.33095723390579224,0.5174102187156677,0.3231511116027832,0.5144598484039307,64.0,3,full_power_set,7,standard_focal_sets__full
fdnetkt3,run-20260404_061044-fdnetkt3,squirrel,random_set,GAT,128,2,0.02866315059190442,0.04665806736096008,-1,False,full,False,False,False,0.6002537608146667,0.5998925566673279,0.1039869636297226,,0.33927392959594727,0.6003841757774353,0.33095723390579224,0.48622867465019226,0.3231511116027832,0.4818163216114044,56.0,3,full_power_set,7,standard_focal_sets__full
5gqlkfzn,run-20260404_061120-5gqlkfzn,squirrel,random_set,GAT,256,3,0.07157807321392617,0.092902609761217,-1,False,full,False,False,False,0.6361215710639954,0.6356046795845032,0.1551126390695572,,0.33927392959594727,0.6363340616226196,0.33095723390579224,0.5,0.3231511116027832,0.5,55.0,3,full_power_set,7,standard_focal_sets__full
2qjmz37i,run-20260404_061213-2qjmz37i,squirrel,random_set,GAT,64,2,0.06469563096610156,0.04432157512200448,-1,False,full,False,False,False,0.5959967374801636,0.5956572890281677,0.0992141142487526,,0.33927392959594727,0.5959277153015137,0.33095723390579224,0.5585972666740417,0.3231511116027832,0.5514891743659973,54.0,3,full_power_set,7,standard_focal_sets__full
m69sidom,run-20260404_061258-m69sidom,squirrel,random_set,GAT,128,2,0.09019157579961092,0.006282071637357517,-1,False,full,False,False,False,2.018244743347168,2.0181329250335693,0.06924105435609818,,0.3379538059234619,1.2433165311813354,0.3177189528942108,0.5460809469223022,0.27009645104408264,0.5498564839363098,131.0,3,full_power_set,7,standard_focal_sets__full
yyzx12r8,run-20260404_061417-yyzx12r8,squirrel,random_set,GAT,256,3,0.08653778379408722,0.029187218920995517,-1,False,full,False,False,False,0.5710334181785583,0.5708377957344055,0.05174978822469711,,0.33927392959594727,0.5713202357292175,0.33095723390579224,0.5,0.3231511116027832,0.5,71.0,3,full_power_set,7,standard_focal_sets__full
nsnvvxqg,run-20260404_061534-nsnvvxqg,squirrel,random_set,GAT,256,2,0.022025383755867173,0.03630146360341025,-1,False,full,False,False,False,0.5745300650596619,0.5743107199668884,0.05949701741337776,,0.3716171681880951,0.5749179124832153,0.3655804395675659,0.6348159909248352,0.3681671917438507,0.6488078832626343,55.0,3,full_power_set,7,standard_focal_sets__full
s7byjn22,run-20260404_061627-s7byjn22,squirrel,random_set,GAT,64,3,0.01688905777132335,0.04206857220842228,-1,False,full,False,False,False,0.5927915573120117,0.5924679636955261,0.08821558207273483,,0.33927392959594727,0.5929043292999268,0.33095723390579224,0.4995490312576294,0.3231511116027832,0.5022446513175964,62.0,3,full_power_set,7,standard_focal_sets__full
dofecixn,run-20260404_061700-dofecixn,squirrel,random_set,GAT,64,3,0.03554483923104648,0.04874011500355646,-1,False,full,False,False,False,0.6039939522743225,0.603614866733551,0.11076093465089798,,0.33927392959594727,0.604030966758728,0.33095723390579224,0.5,0.3231511116027832,0.5,58.0,3,full_power_set,7,standard_focal_sets__full
wokdfhkq,run-20260404_061737-wokdfhkq,squirrel,random_set,GAT,128,2,0.004846183095650326,0.06715344805147828,-1,False,full,False,False,False,0.632442831993103,0.6319333910942078,0.13174165785312653,,0.33927392959594727,0.6325165629386902,0.33095723390579224,0.5,0.3231511116027832,0.5,77.0,3,full_power_set,7,standard_focal_sets__full
ps0pmw43,run-20260404_061814-ps0pmw43,squirrel,random_set,GAT,256,2,0.033036162259378075,0.0576211751765608,-1,False,full,False,False,False,0.6174347400665283,0.6169945597648621,0.13064858317375183,,0.33927392959594727,0.6177970170974731,0.33095723390579224,0.5,0.3231511116027832,0.5,54.0,3,full_power_set,7,standard_focal_sets__full
s0btydji,run-20260404_061913-s0btydji,squirrel,random_set,GAT,128,3,0.08549036002520435,0.02421943074849536,-1,False,full,False,False,False,0.5637184977531433,0.563571572303772,0.03920440748333931,,0.33927392959594727,0.5640658736228943,0.33095723390579224,0.6199016571044922,0.3231511116027832,0.6316697597503662,56.0,3,full_power_set,7,standard_focal_sets__full
jiqjujlp,run-20260404_061950-jiqjujlp,squirrel,random_set,GAT,128,2,0.0026015960751848803,0.04990269215754493,-1,False,full,False,False,False,0.5885717868804932,0.5882713198661804,0.08228997141122818,,0.3405940532684326,0.5890502333641052,0.33095723390579224,0.6346883177757263,0.3263665735721588,0.6485450267791748,89.0,3,full_power_set,7,standard_focal_sets__full
awhkp64e,run-20260404_062032-awhkp64e,squirrel,random_set,GAT,64,3,0.01794683115087031,0.04783449823328861,-1,False,full,False,False,False,0.6018195748329163,0.6014506220817566,0.10658048093318939,,0.33927392959594727,0.6020302176475525,0.33095723390579224,0.5,0.3231511116027832,0.5,62.0,3,full_power_set,7,standard_focal_sets__full
vrugnisw,run-20260404_062134-vrugnisw,squirrel,random_set,GAT,128,3,0.03437404281206181,0.02434521631737974,-1,False,full,False,False,False,0.5662854909896851,0.5661213397979736,0.042552605271339417,,0.33927392959594727,0.566421389579773,0.33095723390579224,0.5,0.3231511116027832,0.5,58.0,3,full_power_set,7,standard_focal_sets__full
sj9f4iav,run-20260404_062212-sj9f4iav,squirrel,random_set,GAT,64,3,0.009204348046129813,0.08544167028730341,-1,False,full,False,False,False,0.6406944990158081,0.6401556730270386,0.15014676749706268,,0.33927392959594727,0.640495240688324,0.33095723390579224,0.5,0.3231511116027832,0.5,69.0,3,full_power_set,7,standard_focal_sets__full
lva7znsu,run-20260404_062243-lva7znsu,squirrel,random_set,GAT,128,2,0.010068070076831756,0.09954252666467137,-1,False,full,False,False,False,0.6387145519256592,0.6381871104240417,0.15767201781272888,,0.33927392959594727,0.6387385129928589,0.33095723390579224,0.5,0.3231511116027832,0.5,186.0,3,full_power_set,7,standard_focal_sets__full
qwitnv3n,run-20260404_062403-qwitnv3n,squirrel,random_set,GAT,128,3,0.05545490023408798,0.0426552453437484,-1,False,full,False,False,False,0.5932373404502869,0.592911958694458,0.09465882927179337,,0.33927392959594727,0.5935558080673218,0.33095723390579224,0.4940930902957916,0.3231511116027832,0.49108272790908813,54.0,3,full_power_set,7,standard_focal_sets__full
nen6bt0f,run-20260404_062500-nen6bt0f,squirrel,random_set,GAT,256,2,0.08806956816800922,0.0986418261004418,-1,False,full,False,False,False,0.6391586661338806,0.6386294364929199,0.15789349377155304,,0.33003300428390503,0.6391491293907166,0.34012219309806824,0.5,0.33118972182273865,0.5,52.0,3,full_power_set,7,standard_focal_sets__full
m17u5z5r,run-20260404_062547-m17u5z5r,squirrel,random_set,GAT,128,2,0.06924479423589787,0.05346164077990041,-1,False,full,False,False,False,0.61066073179245,0.6102504134178162,0.12041795253753662,,0.33927392959594727,0.6111876368522644,0.33095723390579224,0.5,0.3231511116027832,0.5,53.0,3,full_power_set,7,standard_focal_sets__full
pwebym5u,run-20260404_062614-pwebym5u,squirrel,random_set,GAT,256,3,0.0031103238030888523,0.0880430591933218,-1,False,full,False,False,False,0.6389954090118408,0.6384645104408264,0.15242543816566467,,0.33927392959594727,0.6389628052711487,0.33095723390579224,0.5,0.3231511116027832,0.5,200.0,3,full_power_set,7,standard_focal_sets__full
v2iqgaky,run-20260404_062911-v2iqgaky,squirrel,random_set,GAT,256,3,0.0308325375978022,0.05819349606537003,-1,False,full,False,False,False,0.6170424818992615,0.6166040897369385,0.13158635795116425,,0.33927392959594727,0.6173627376556396,0.33095723390579224,0.5413498878479004,0.3231511116027832,0.5249388217926025,55.0,3,full_power_set,7,standard_focal_sets__full
dfnozpp5,run-20260404_063013-dfnozpp5,squirrel,random_set,GAT,256,2,0.05184898307122144,0.025200221539178995,-1,False,full,False,False,False,0.562404453754425,0.5622631311416626,0.03846404328942299,,0.33003300428390503,0.5626916289329529,0.34012219309806824,0.6349399089813232,0.33118972182273865,0.6491435766220093,67.0,3,full_power_set,7,standard_focal_sets__full
ygqij2za,run-20260404_063102-ygqij2za,squirrel,random_set,GAT,128,2,0.04148585659593713,0.08989538420251354,-1,False,full,False,False,False,0.6352221369743347,0.634708046913147,0.15460285544395447,,0.33927392959594727,0.6350133419036865,0.33095723390579224,0.4828183054924011,0.3231511116027832,0.49410247802734375,56.0,3,full_power_set,7,standard_focal_sets__full
61v4uauh,run-20260404_063138-61v4uauh,squirrel,random_set,GAT,64,2,0.0875595316373831,0.017062264464702753,-1,False,full,False,False,False,0.5548820495605469,0.5547881126403809,0.026292236521840096,,0.3379538059234619,0.5553891658782959,0.3523421585559845,0.6348727345466614,0.3536977469921112,0.6484643816947937,57.0,3,full_power_set,7,standard_focal_sets__full
obuj7v65,run-20260404_063200-obuj7v65,squirrel,random_set,GAT,128,3,0.02136523312669274,0.09710340341713768,-1,False,full,False,False,False,0.6379368305206299,0.6374123692512512,0.15666049718856812,,0.33927392959594727,0.6378988027572632,0.33095723390579224,0.5,0.3231511116027832,0.5,86.0,3,full_power_set,7,standard_focal_sets__full
deauf1ee,run-20260404_063253-deauf1ee,squirrel,random_set,GAT,64,3,0.06715023830509788,0.08910394086434041,-1,False,full,False,False,False,0.635740339756012,0.6352244019508362,0.15398521721363068,,0.33927392959594727,0.6357462406158447,0.33095723390579224,0.519089937210083,0.3231511116027832,0.5269609093666077,65.0,3,full_power_set,7,standard_focal_sets__full
x5im5jbr,run-20260404_063324-x5im5jbr,squirrel,random_set,GAT,128,2,0.04915364477883148,0.07357870808626252,-1,False,full,False,False,False,0.6291089653968811,0.6286188364028931,0.1441928893327713,,0.33927392959594727,0.628849983215332,0.33095723390579224,0.5,0.3231511116027832,0.5,54.0,3,full_power_set,7,standard_focal_sets__full
w10blf4x,run-20260404_063351-w10blf4x,squirrel,random_set,GAT,256,2,0.06377749806277654,0.07378974668429808,-1,False,full,False,False,False,0.6269733905792236,0.6264932751655579,0.14425209164619446,,0.33927392959594727,0.6270202398300171,0.33095723390579224,0.5,0.3231511116027832,0.5,52.0,3,full_power_set,7,standard_focal_sets__full
scq338g5,run-20260404_063438-scq338g5,squirrel,random_set,GAT,64,3,0.01237788072123403,0.027137772012832597,-1,False,full,False,False,False,0.5680652856826782,0.5678895115852356,0.04449592903256416,,0.33927392959594727,0.5681792497634888,0.33095723390579224,0.5216029286384583,0.3231511116027832,0.5148895978927612,73.0,3,full_power_set,7,standard_focal_sets__full
zp4is0y0,run-20260404_063509-zp4is0y0,squirrel,random_set,GAT,256,3,0.021420672543063412,0.09443279556678318,-1,False,full,False,False,False,0.6368173956871033,0.636297345161438,0.1554444581270218,,0.33927392959594727,0.6368300914764404,0.33095723390579224,0.5,0.3231511116027832,0.5,97.0,3,full_power_set,7,standard_focal_sets__full
tu1o97bb,run-20260404_063638-tu1o97bb,squirrel,random_set,GAT,64,2,0.08434093961293183,0.07038628103235198,-1,False,full,False,False,False,0.6257137656211853,0.6252387166023254,0.14242227375507355,,0.33927392959594727,0.6261516213417053,0.33095723390579224,0.49552056193351746,0.3231511116027832,0.48770231008529663,55.0,3,full_power_set,7,standard_focal_sets__full
y1z6f75w,run-20260404_063659-y1z6f75w,squirrel,random_set,GAT,64,3,0.08815712583614287,0.027467119580984075,-1,False,full,False,False,False,0.5710943937301636,0.5708973407745361,0.05395197123289108,,0.33927392959594727,0.5710436701774597,0.33095723390579224,0.5001015067100525,0.3231511116027832,0.5031406283378601,55.0,3,full_power_set,7,standard_focal_sets__full
vq2qoino,run-20260404_063726-vq2qoino,squirrel,random_set,GAT,64,2,0.04726209940011685,0.08889965576984371,-1,False,full,False,False,False,0.6344280242919922,0.6339179277420044,0.15361051261425018,,0.33003300428390503,0.6342403292655945,0.33095723390579224,0.48739179968833923,0.3231511116027832,0.49380895495414734,57.0,3,full_power_set,7,standard_focal_sets__full
bsloujfx,run-20260404_063757-bsloujfx,squirrel,random_set,GAT,64,3,0.00026575613979675384,0.03636134366210959,-1,False,full,False,False,False,0.6016523838043213,0.6012805104255676,0.09182292222976685,,0.3405940532684326,0.602353572845459,0.33095723390579224,0.6232888698577881,0.33279743790626526,0.6403912901878357,200.0,3,full_power_set,7,standard_focal_sets__full
r8v8h927,run-20260404_063921-r8v8h927,squirrel,random_set,GAT,64,3,0.06846085548411757,0.032271514037759526,-1,False,full,False,False,False,0.5791928768157959,0.5789454579353333,0.06952962279319763,,0.33927392959594727,0.5794234871864319,0.33095723390579224,0.5014438629150391,0.3231511116027832,0.4985322952270508,54.0,3,full_power_set,7,standard_focal_sets__full
0ltm1vbl,run-20260404_063948-0ltm1vbl,squirrel,random_set,GAT,128,3,0.002274205943143893,0.05926877000167542,-1,False,full,False,False,False,0.6130116581916809,0.6125891208648682,0.11557579040527344,,0.3306930661201477,0.6132168769836426,0.3289205729961395,0.4994908273220062,0.34565916657447815,0.4991961419582367,97.0,3,full_power_set,7,standard_focal_sets__full
giv0le6b,run-20260404_064045-giv0le6b,squirrel,random_set,GAT,64,3,0.029236206109032135,0.0355427426071763,-1,False,full,False,False,False,0.5837905406951904,0.5835164189338684,0.07698146253824234,,0.33927392959594727,0.5838592648506165,0.33095723390579224,0.5,0.3231511116027832,0.5,57.0,3,full_power_set,7,standard_focal_sets__full
5p0qy04t,run-20260404_064112-5p0qy04t,squirrel,random_set,GAT,64,3,0.030086935718454715,0.06521717650289958,-1,False,full,False,False,False,0.6234413385391235,0.6229750514030457,0.1383189558982849,,0.33927392959594727,0.6236141324043274,0.33095723390579224,0.5,0.3231511116027832,0.5,59.0,3,full_power_set,7,standard_focal_sets__full
qezgl0u9,run-20260404_064139-qezgl0u9,squirrel,random_set,GAT,64,3,0.015479168553822763,0.09014708407465324,-1,False,full,False,False,False,0.6353827714920044,0.6348681449890137,0.15336257219314575,,0.33927392959594727,0.6354225277900696,0.33095723390579224,0.5,0.3231511116027832,0.5,94.0,3,full_power_set,7,standard_focal_sets__full
5aa8wxeu,run-20260404_064225-5aa8wxeu,squirrel,random_set,GAT,128,2,0.016477448763476628,0.09766474484962388,-1,False,full,False,False,False,0.638102114200592,0.6375769972801208,0.15683062374591827,,0.33927392959594727,0.6381083726882935,0.33095723390579224,0.5,0.3231511116027832,0.5,106.0,3,full_power_set,7,standard_focal_sets__full
hq1mjuj0,run-20260404_064313-hq1mjuj0,squirrel,random_set,GAT,128,2,0.08166850137415167,0.051211605704106045,-1,False,full,False,False,False,0.607711911201477,0.6073153018951416,0.11658940464258194,,0.33927392959594727,0.6081745624542236,0.33095723390579224,0.5,0.3231511116027832,0.5,52.0,3,full_power_set,7,standard_focal_sets__full
9lybala2,run-20260404_064339-9lybala2,squirrel,random_set,GAT,64,2,0.00762911226766541,0.04218386880706019,-1,False,full,False,False,False,0.5804272294044495,0.5801726579666138,0.0680585503578186,,0.33003300428390503,0.5808603167533875,0.34012219309806824,0.6352571845054626,0.33118972182273865,0.6487981677055359,69.0,3,full_power_set,7,standard_focal_sets__full
9p0r2dlu,run-20260404_064406-9p0r2dlu,squirrel,random_set,GAT,64,3,0.08846734814205993,0.0371584097868032,-1,False,full,False,False,False,0.5863201022148132,0.5860315561294556,0.08189813792705536,,0.33927392959594727,0.5864120125770569,0.33095723390579224,0.486581027507782,0.3231511116027832,0.5019070506095886,54.0,3,full_power_set,7,standard_focal_sets__full
lprow70o,run-20260404_064433-lprow70o,squirrel,random_set,GAT,128,3,0.07424696258978532,0.06014321890930056,-1,False,full,False,False,False,0.6193129420280457,0.6188646554946899,0.13395541906356812,,0.33927392959594727,0.6194297671318054,0.33095723390579224,0.5,0.3231511116027832,0.5,54.0,3,full_power_set,7,standard_focal_sets__full
tzzda8vc,run-20260404_064510-tzzda8vc,squirrel,random_set,GAT,128,2,0.05147541498160211,0.061235637092419325,-1,False,full,False,False,False,0.6206373572349548,0.6201830506324768,0.13455402851104736,,0.33927392959594727,0.6204938888549805,0.33095723390579224,0.5,0.3231511116027832,0.5,54.0,3,full_power_set,7,standard_focal_sets__full
2m5irqvq,run-20260404_064536-2m5irqvq,squirrel,random_set,GAT,128,2,0.05525894528725858,0.07256592985539417,-1,False,full,False,False,False,0.6263512372970581,0.6258735656738281,0.1433228999376297,,0.33927392959594727,0.6264016628265381,0.33095723390579224,0.4457537829875946,0.3231511116027832,0.43843865394592285,55.0,3,full_power_set,7,standard_focal_sets__full
efx9x81r,run-20260404_064603-efx9x81r,squirrel,random_set,GAT,256,2,0.09362141037946672,0.0122119250554848,-1,False,full,False,False,False,1.4074920415878296,1.4073050022125244,0.1297118067741394,,0.43168318271636963,1.4846705198287964,0.3492871820926666,0.49632981419563293,0.37299033999443054,0.4993361830711365,51.0,3,full_power_set,7,standard_focal_sets__full
l50cm0ea,run-20260404_064650-l50cm0ea,squirrel,random_set,GAT,256,2,0.04538256978793351,0.0949916394229328,-1,False,full,False,False,False,0.6368737816810608,0.636353611946106,0.15615297853946686,,0.33927392959594727,0.6367347836494446,0.33095723390579224,0.5,0.3231511116027832,0.5,54.0,3,full_power_set,7,standard_focal_sets__full
c6qgoasv,run-20260404_064738-c6qgoasv,squirrel,random_set,GAT,128,3,0.022952444467359483,0.0031858458640560703,-1,False,full,False,False,False,0.353760689496994,0.353715717792511,0.03016551397740841,,0.6026402711868286,0.797301709651947,0.39613035321235657,0.5993819832801819,0.3697749078273773,0.6273108124732971,72.0,3,full_power_set,7,standard_focal_sets__full
oagpvyjc,run-20260404_064821-oagpvyjc,squirrel,random_set,GAT,64,3,0.09844043582329066,0.05467632999105632,-1,False,full,False,False,False,0.6146396994590759,0.6142114400863647,0.1262488216161728,,0.33927392959594727,0.6145856380462646,0.33095723390579224,0.4911605417728424,0.3231511116027832,0.49473753571510315,55.0,3,full_power_set,7,standard_focal_sets__full
92ht7kxm,run-20260404_064847-92ht7kxm,squirrel,random_set,GAT,128,2,0.06446785980576808,0.07831343303425861,-1,False,full,False,False,False,0.629051923751831,0.6285637617111206,0.14729362726211548,,0.33927392959594727,0.6290608644485474,0.33095723390579224,0.49898168444633484,0.3231511116027832,0.5011933445930481,54.0,3,full_power_set,7,standard_focal_sets__full
cfk98y3s,run-20260404_064914-cfk98y3s,squirrel,random_set,GAT,128,3,0.062033622220426334,0.011452204590367164,-1,False,full,False,False,False,0.5518825054168701,0.5518262982368469,0.01446482166647911,,0.33927392959594727,0.5520159006118774,0.33095723390579224,0.6280012726783752,0.3231511116027832,0.6402531862258911,57.0,3,full_power_set,7,standard_focal_sets__full
8nd94na6,run-20260404_064951-8nd94na6,squirrel,random_set,GAT,64,3,0.009587563149345417,0.00525916159774289,-1,False,full,False,False,False,0.3471580445766449,0.3471014201641083,0.03908572718501091,,0.6957095861434937,0.7627884745597839,0.4022403359413147,0.5833290815353394,0.35691317915916443,0.596015989780426,84.0,3,full_power_set,7,standard_focal_sets__full
wc9ftiv4,run-20260404_065028-wc9ftiv4,squirrel,random_set,GAT,256,2,0.00020960559868917343,0.062233147514812265,-1,False,full,False,False,False,0.6321945786476135,0.6316912770271301,0.14645536243915558,,0.33003300428390503,0.6322066783905029,0.34012219309806824,0.6193894743919373,0.33118972182273865,0.6454830169677734,200.0,3,full_power_set,7,standard_focal_sets__full
tzwcou3t,run-20260404_065238-tzwcou3t,squirrel,random_set,GAT,256,3,0.09209020968607803,0.0873731175054059,-1,False,full,False,False,False,0.6348884701728821,0.634375810623169,0.15474700927734375,,0.33927392959594727,0.6350210309028625,0.33095723390579224,0.5,0.3231511116027832,0.5,52.0,3,full_power_set,7,standard_focal_sets__full
slt1cl5c,run-20260404_065331-slt1cl5c,squirrel,random_set,GAT,256,2,0.04116179007488473,0.06366881353409844,-1,False,full,False,False,False,0.623550295829773,0.6230837106704712,0.13838739693164825,,0.33927392959594727,0.6235184073448181,0.33095723390579224,0.5,0.3231511116027832,0.5,54.0,3,full_power_set,7,standard_focal_sets__full
byk1a7qz,run-20260404_065413-byk1a7qz,squirrel,random_set,GAT,128,2,0.05020158351425689,0.009134804441085003,-1,False,full,False,False,False,0.6056320667266846,0.6055685877799988,0.027748584747314453,,0.38151815533638,0.8043630719184875,0.3289205729961395,0.5458547472953796,0.34726688265800476,0.5530335307121277,77.0,3,full_power_set,7,standard_focal_sets__full
tdl1qlnh,run-20260404_065450-tdl1qlnh,squirrel,random_set,GAT,64,3,0.09529835447155624,0.05091969324961252,-1,False,full,False,False,False,0.6089380979537964,0.6085354685783386,0.11764931678771973,,0.33927392959594727,0.6089473962783813,0.33095723390579224,0.4974541664123535,0.3231511116027832,0.49637019634246826,54.0,3,full_power_set,7,standard_focal_sets__full
lfgwx42j,run-20260404_065516-lfgwx42j,squirrel,random_set,GAT,64,3,0.09281732832005687,0.06269122508629561,-1,False,full,False,False,False,0.6228546500205994,0.6223909258842468,0.13723169267177582,,0.33927392959594727,0.6229985356330872,0.33095723390579224,0.5,0.3231511116027832,0.5,55.0,3,full_power_set,7,standard_focal_sets__full
ju787q43,run-20260404_065612-ju787q43,squirrel,random_set,GAT,64,3,0.0001721636789266452,0.09109508137443512,-1,False,full,False,False,False,0.6744484901428223,0.6737962365150452,0.19758138060569763,,0.3234323561191559,0.6744115352630615,0.34215885400772095,0.5163940787315369,0.3231511116027832,0.5068682432174683,200.0,3,full_power_set,7,standard_focal_sets__full
8ql91ql2,run-20260404_065729-8ql91ql2,squirrel,random_set,GAT,128,2,0.08730591907965346,0.048557188388102225,-1,False,full,False,False,False,0.6040863394737244,0.603706419467926,0.11087419092655182,,0.33927392959594727,0.604266881942749,0.33095723390579224,0.5000612139701843,0.3231511116027832,0.5008038282394409,55.0,3,full_power_set,7,standard_focal_sets__full
59kuq46t,run-20260404_065756-59kuq46t,squirrel,random_set,GAT,128,3,0.07074408712264747,0.06561741914213073,-1,False,full,False,False,False,0.6231740713119507,0.6227098703384399,0.13892310857772827,,0.33927392959594727,0.6234224438667297,0.33095723390579224,0.4644301235675812,0.3231511116027832,0.48599866032600403,55.0,3,full_power_set,7,standard_focal_sets__full
3b2df1e0,run-20260404_065833-3b2df1e0,squirrel,random_set,GAT,64,2,0.008078805421892928,0.019015380597719875,-1,False,full,False,False,False,0.5565686821937561,0.5564668774604797,0.026957541704177856,,0.33003300428390503,0.5572401285171509,0.34419551491737366,0.6350504159927368,0.33440515398979187,0.6492049694061279,80.0,3,full_power_set,7,standard_focal_sets__full
k1prp6wl,run-20260404_065909-k1prp6wl,squirrel,random_set,GAT,256,2,0.028011936241048564,0.04655999034234502,-1,False,full,False,False,False,0.5999283790588379,0.5995688438415527,0.10437412559986115,,0.33927392959594727,0.6002712845802307,0.33095723390579224,0.5394386053085327,0.3231511116027832,0.5410830974578857,54.0,3,full_power_set,7,standard_focal_sets__full
6gb58f0r,run-20260404_065952-6gb58f0r,squirrel,random_set,GAT,64,3,0.04512882759366997,0.03810826525671147,-1,False,full,False,False,False,0.5877909064292908,0.5874942541122437,0.08531241118907928,,0.33927392959594727,0.5879421234130859,0.33095723390579224,0.5,0.3231511116027832,0.5,55.0,3,full_power_set,7,standard_focal_sets__full
z5nz74ly,run-20260404_070018-z5nz74ly,squirrel,random_set,GAT,64,3,0.023791863639362473,0.009195471537116128,-1,False,full,False,False,False,0.5488246083259583,0.5487798452377319,0.014916732907295227,,0.33003300428390503,0.5494824647903442,0.34623217582702637,0.6261221170425415,0.3360128700733185,0.6391077637672424,61.0,3,full_power_set,7,standard_focal_sets__full
n53otxe3,run-20260404_070050-n53otxe3,squirrel,random_set,GAT,128,3,0.03769623028992043,0.07675222678343124,-1,False,full,False,False,False,0.6309077739715576,0.6304107904434204,0.14779570698738098,,0.33927392959594727,0.6307691335678101,0.33095723390579224,0.5,0.3231511116027832,0.5,57.0,3,full_power_set,7,standard_focal_sets__full
ujy6q506,run-20260404_070127-ujy6q506,squirrel,random_set,GAT,128,2,0.0014213819186573858,0.011773634159637416,-1,False,full,False,False,False,0.5517771244049072,0.5517094135284424,0.022741293534636497,,0.33003300428390503,0.5523900389671326,0.34012219309806824,0.6353654861450195,0.33118972182273865,0.6494581699371338,179.0,3,full_power_set,7,standard_focal_sets__full
eznttx3y,run-20260404_070240-eznttx3y,squirrel,random_set,GAT,64,3,0.01193700231469561,0.02774801089409085,-1,False,full,False,False,False,0.5687142014503479,0.5685341954231262,0.045511819422245026,,0.33927392959594727,0.5688639879226685,0.33095723390579224,0.49767816066741943,0.3231511116027832,0.5008038282394409,72.0,3,full_power_set,7,standard_focal_sets__full
a7mrb8ci,run-20260404_070312-a7mrb8ci,squirrel,random_set,GAT,128,3,0.0877410580392175,0.008961406417634451,-1,False,full,False,False,False,0.5390074253082275,0.5389660596847534,0.030972961336374283,,0.38349834084510803,0.6884934902191162,0.33095723390579224,0.4682062864303589,0.3231511116027832,0.46922510862350464,83.0,3,full_power_set,7,standard_focal_sets__full
mffszywi,run-20260404_070408-mffszywi,squirrel,random_set,GAT,128,3,0.07212337397860621,0.02758175916084537,-1,False,full,False,False,False,0.571256160736084,0.5710580945014954,0.05352773889899254,,0.33927392959594727,0.5713202357292175,0.33095723390579224,0.5,0.3231511116027832,0.5,57.0,3,full_power_set,7,standard_focal_sets__full
sell8tgf,run-20260404_070446-sell8tgf,squirrel,random_set,GAT,256,3,0.0122748464092537,0.06341524449726434,-1,False,full,False,False,False,0.6260620355606079,0.6255824565887451,0.13489818572998047,,0.33927392959594727,0.626072883605957,0.33095723390579224,0.5,0.3231511116027832,0.5,60.0,3,full_power_set,7,standard_focal_sets__full
o09c9yoz,run-20260404_070554-o09c9yoz,squirrel,random_set,GAT,128,3,0.07608723087881811,0.06841188398471396,-1,False,full,False,False,False,0.6242591142654419,0.6237899661064148,0.1405101716518402,,0.33927392959594727,0.624505341053009,0.33095723390579224,0.4809563159942627,0.3231511116027832,0.48182588815689087,54.0,3,full_power_set,7,standard_focal_sets__full
96uose6s,run-20260404_070636-96uose6s,squirrel,random_set,GAT,256,2,0.08588191186306862,0.04009273692138175,-1,False,full,False,False,False,0.5803716778755188,0.5801171064376831,0.06998183578252792,,0.394059419631958,0.5816252827644348,0.3727087676525116,0.6341097354888916,0.37299033999443054,0.6484701633453369,69.0,3,full_power_set,7,standard_focal_sets__full
uejr761h,run-20260404_070734-uejr761h,squirrel,random_set,GAT,128,2,0.015741594144550276,0.07567532389043903,-1,False,full,False,False,False,0.6300643682479858,0.629570484161377,0.14539273083209991,,0.33927392959594727,0.6298738121986389,0.33095723390579224,0.5,0.3231511116027832,0.5,60.0,3,full_power_set,7,standard_focal_sets__full
8d35eyri,run-20260404_070806-8d35eyri,squirrel,random_set,GAT,64,2,0.017177537724446735,0.036339557700505315,-1,False,full,False,False,False,0.5736566185951233,0.5734424591064453,0.05719368904829025,,0.36765676736831665,0.5741398930549622,0.36761710047721863,0.6347726583480835,0.37299033999443054,0.6493891477584839,65.0,3,full_power_set,7,standard_focal_sets__full
xdds3nlx,run-20260404_070833-xdds3nlx,squirrel,random_set,GAT,256,3,0.07390414457678858,0.07167959690467382,-1,False,full,False,False,False,0.6258326172828674,0.6253566741943359,0.14306879043579102,,0.33927392959594727,0.626045823097229,0.33095723390579224,0.5,0.3231511116027832,0.5,52.0,3,full_power_set,7,standard_focal_sets__full
e7adbp3m,run-20260404_070925-e7adbp3m,squirrel,random_set,GAT,256,2,0.06157315151516475,0.014148074921319372,-1,False,full,False,False,False,0.5511369705200195,0.5510557889938354,0.026269186288118362,,0.34983497858047485,0.552849292755127,0.3472505211830139,0.6341074705123901,0.3520900309085846,0.6471195220947266,88.0,3,full_power_set,7,standard_focal_sets__full
sz8105d7,run-20260404_071028-sz8105d7,squirrel,random_set,GAT,64,3,0.06691993443376329,0.025558612399184725,-1,False,full,False,False,False,0.5679085850715637,0.5677331686019897,0.04663556069135666,,0.33927392959594727,0.5678624510765076,0.33095723390579224,0.5,0.3231511116027832,0.5,57.0,3,full_power_set,7,standard_focal_sets__full
vsleeuaj,run-20260404_071055-vsleeuaj,squirrel,random_set,GAT,64,3,0.01800590882585444,0.08847333546498527,-1,False,full,False,False,False,0.6345944404602051,0.6340829730033875,0.15260368585586548,,0.33927392959594727,0.6346088647842407,0.33095723390579224,0.5,0.3231511116027832,0.5,118.0,3,full_power_set,7,standard_focal_sets__full
b592rq7s,run-20260404_071142-b592rq7s,squirrel,random_set,GAT,128,3,0.07588933422273472,0.07095455638143927,-1,False,full,False,False,False,0.6251400113105774,0.6246670484542847,0.1427467316389084,,0.33927392959594727,0.6252938508987427,0.33095723390579224,0.48622867465019226,0.3231511116027832,0.49752894043922424,54.0,3,full_power_set,7,standard_focal_sets__full
08lhvmep,run-20260404_071219-08lhvmep,squirrel,random_set,GAT,256,3,0.05884632916463311,0.05075841257566771,-1,False,full,False,False,False,0.6052261590957642,0.6048411726951599,0.11229653656482697,,0.33927392959594727,0.6055921316146851,0.33095723390579224,0.5,0.3231511116027832,0.5,53.0,3,full_power_set,7,standard_focal_sets__full
s25qjz5m,run-20260404_071312-s25qjz5m,squirrel,random_set,GAT,64,3,0.02217372452903388,0.0359769472583379,-1,False,full,False,False,False,0.5837455987930298,0.5834718942642212,0.07561849802732468,,0.33927392959594727,0.5839093327522278,0.33095723390579224,0.5104475617408752,0.3231511116027832,0.49989259243011475,58.0,3,full_power_set,7,standard_focal_sets__full
09ye05ai,run-20260404_071338-09ye05ai,squirrel,random_set,GAT,64,2,0.008680805490219405,0.02252000637338826,-1,False,full,False,False,False,0.5594302415847778,0.559310793876648,0.030322043225169182,,0.33003300428390503,0.5599820613861084,0.34012219309806824,0.6353057026863098,0.33118972182273865,0.6493182182312012,78.0,3,full_power_set,7,standard_focal_sets__full
xo45hxkz,run-20260404_071405-xo45hxkz,squirrel,random_set,GAT,128,2,0.07454473712421253,0.07403715448761337,-1,False,full,False,False,False,0.6271722316741943,0.6266912817955017,0.1446475237607956,,0.33927392959594727,0.6274980902671814,0.33095723390579224,0.5,0.3231511116027832,0.5,53.0,3,full_power_set,7,standard_focal_sets__full
6949jzc3,run-20260404_071432-6949jzc3,squirrel,random_set,GAT,64,2,0.08028736701722493,0.015454544917654705,-1,False,full,False,False,False,0.553676426410675,0.5535916090011597,0.024312840774655342,,0.3405940532684326,0.5546299815177917,0.34623217582702637,0.6347315311431885,0.33440515398979187,0.6486428380012512,73.0,3,full_power_set,7,standard_focal_sets__full
ge01pscs,run-20260404_071458-ge01pscs,squirrel,random_set,GAT,256,3,0.038004663137571414,0.0957944273026592,-1,False,full,False,False,False,0.6368467807769775,0.636326253414154,0.15530115365982056,,0.33927392959594727,0.6368233561515808,0.33095723390579224,0.5,0.3231511116027832,0.5,66.0,3,full_power_set,7,standard_focal_sets__full
60d0z9gx,run-20260404_071601-60d0z9gx,squirrel,random_set,GAT,64,2,0.0004592049843476,0.08857771008038565,-1,False,full,False,False,False,0.6482028961181641,0.6476344466209412,0.15690936148166656,,0.33927392959594727,0.6485579609870911,0.33095723390579224,0.6358096599578857,0.3231511116027832,0.6486601233482361,200.0,3,full_power_set,7,standard_focal_sets__full
jvt0zlx7,run-20260404_071709-jvt0zlx7,squirrel,random_set,GAT,256,2,0.026207167450579463,0.06759387046415778,-1,False,full,False,False,False,0.6224157810211182,0.621955156326294,0.13954465091228485,,0.33927392959594727,0.6226710081100464,0.33095723390579224,0.49042290449142456,0.3231511116027832,0.47517824172973633,55.0,3,full_power_set,7,standard_focal_sets__full
rdj4xpjq,run-20260404_071751-rdj4xpjq,squirrel,random_set,GAT,128,2,0.07563238465435439,0.04483354090726165,-1,False,full,False,False,False,0.5969163179397583,0.59657222032547,0.10028401017189026,,0.33927392959594727,0.5972749590873718,0.33095723390579224,0.5,0.3231511116027832,0.5016077160835266,52.0,3,full_power_set,7,standard_focal_sets__full
q3kaap89,run-20260404_071847-q3kaap89,squirrel,random_set,GAT,64,3,0.07506135553417238,0.02704335520720365,-1,False,full,False,False,False,0.5704472064971924,0.5702546834945679,0.05150316283106804,,0.33927392959594727,0.5704593062400818,0.33095723390579224,0.4902825653553009,0.3231511116027832,0.4814192056655884,56.0,3,full_power_set,7,standard_focal_sets__full
a3qhfu3z,run-20260404_071955-a3qhfu3z,squirrel,random_set,GAT,256,2,0.0594023593349925,0.06541246501548725,-1,False,full,False,False,False,0.6228703260421753,0.6224067211151123,0.13791167736053467,,0.33927392959594727,0.622869610786438,0.33095723390579224,0.5,0.3231511116027832,0.5,52.0,3,full_power_set,7,standard_focal_sets__full
7xj1l490,run-20260404_072037-7xj1l490,squirrel,random_set,GAT,64,2,0.055799835024615066,0.06586095682709082,-1,False,full,False,False,False,0.6232587695121765,0.6227936148643494,0.13875673711299896,,0.33927392959594727,0.6231416463851929,0.33095723390579224,0.5015484094619751,0.3231511116027832,0.5036796927452087,57.0,3,full_power_set,7,standard_focal_sets__full
7lecb2z5,run-20260404_175255-7lecb2z5,chameleon,random_set,GAT,64,3,0.058619988044482214,0.08636502847027079,-1,False,full,False,False,False,0.632160484790802,0.6316554546356201,0.15126290917396545,,0.372488409280777,0.631432056427002,0.4063926935195923,0.5,0.3695652186870575,0.5,69.0,3,full_power_set,7,standard_focal_sets__full
s1ns5ncc,run-20260404_175311-s1ns5ncc,chameleon,random_set,GAT,64,2,0.023645055886934916,0.05075573429518222,-1,False,full,False,False,False,0.6050890684127808,0.604698121547699,0.1134294793009758,,0.372488409280777,0.6035020351409912,0.4063926935195923,0.7038553953170776,0.3695652186870575,0.699999988079071,60.0,3,full_power_set,7,standard_focal_sets__full
mff2kv0r,run-20260404_175332-mff2kv0r,chameleon,random_set,GAT,128,3,0.02228937227140599,0.0249831295720347,-1,False,full,False,False,False,0.5640840530395508,0.5639212727546692,0.04184645786881447,,0.372488409280777,0.5615212917327881,0.4063926935195923,0.8050651550292969,0.3695652186870575,0.787248432636261,56.0,3,full_power_set,7,standard_focal_sets__full
yrumucpq,run-20260404_175348-yrumucpq,chameleon,random_set,GAT,256,3,0.011180380410931492,0.019376722110256196,-1,False,full,False,False,False,0.5565241575241089,0.5564167499542236,0.024934198707342148,,0.372488409280777,0.5534309148788452,0.4063926935195923,0.8393745422363281,0.3695652186870575,0.8237218856811523,63.0,3,full_power_set,7,standard_focal_sets__full
mmtacvj0,run-20260404_175410-mmtacvj0,chameleon,random_set,GAT,256,3,0.027119132409080537,0.011802136955872532,-1,False,full,False,False,False,0.5494584441184998,0.549402117729187,0.01269594207406044,,0.372488409280777,0.545832633972168,0.4063926935195923,0.8320426940917969,0.3695652186870575,0.8177434802055359,60.0,3,full_power_set,7,standard_focal_sets__full
zibgqpby,run-20260404_175431-zibgqpby,chameleon,random_set,GAT,256,3,0.0055664971007479145,0.008480438701828236,-1,False,full,False,False,False,0.3280886709690094,0.3279857933521271,0.07683181762695312,,0.8423492908477783,0.6496725678443909,0.4885844886302948,0.6934205889701843,0.5181159377098083,0.6667975187301636,86.0,3,full_power_set,7,standard_focal_sets__full
prkplcj9,run-20260404_175528-prkplcj9,chameleon,random_set,GAT,256,3,0.023584703414157613,0.050641576196013664,-1,False,full,False,False,False,0.6031062006950378,0.6027247905731201,0.11188675463199615,,0.372488409280777,0.6018264889717102,0.4063926935195923,0.5,0.3695652186870575,0.5,56.0,3,full_power_set,7,standard_focal_sets__full
0g9lf9fq,run-20260404_175551-0g9lf9fq,chameleon,random_set,GAT,64,3,0.05480512285291494,0.0966697930189722,-1,False,full,False,False,False,0.6370546221733093,0.6365294456481934,0.15598946809768677,,0.372488409280777,0.6362674236297607,0.4063926935195923,0.5,0.3695652186870575,0.5,63.0,3,full_power_set,7,standard_focal_sets__full
6jz8ucg1,run-20260404_175607-6jz8ucg1,chameleon,random_set,GAT,128,3,0.03848345886871401,0.012671466964137386,-1,False,full,False,False,False,0.5482872128486633,0.5482266545295715,0.015221824869513512,,0.372488409280777,0.5449024438858032,0.4063926935195923,0.8245461583137512,0.3695652186870575,0.8110709190368652,58.0,3,full_power_set,7,standard_focal_sets__full
agkoz87n,run-20260404_175623-agkoz87n,chameleon,random_set,GAT,256,3,0.02339911836062782,0.00964461178590205,-1,False,full,False,False,False,0.5470418930053711,0.5469962954521179,0.01173613965511322,,0.372488409280777,0.5432600975036621,0.4063926935195923,0.8258328437805176,0.3695652186870575,0.8102858066558838,60.0,3,full_power_set,7,standard_focal_sets__full
7q6qmzjr,run-20260404_175644-7q6qmzjr,chameleon,random_set,GAT,64,3,0.027622012586834645,0.010717606869582235,-1,False,full,False,False,False,0.545857310295105,0.5458059310913086,0.014227695763111115,,0.372488409280777,0.5422975420951843,0.4063926935195923,0.8132836222648621,0.3695652186870575,0.7981984615325928,59.0,3,full_power_set,7,standard_focal_sets__full
8s6qf2ho,run-20260404_175701-8s6qf2ho,chameleon,random_set,GAT,128,3,0.04758858283455219,0.004832818505177164,-1,False,full,False,False,False,0.39048051834106445,0.3903980851173401,0.03689924627542496,,0.7094281315803528,0.5115721225738525,0.37899544835090637,0.6251078248023987,0.4420289993286133,0.6163244843482971,70.0,3,full_power_set,7,standard_focal_sets__full
mbaypuu0,run-20260404_175726-mbaypuu0,chameleon,random_set,GAT,128,3,0.022699671484168845,0.004933372826097551,-1,False,full,False,False,False,0.28370165824890137,0.28365275263786316,0.02983998879790306,,0.833075761795044,0.7810073494911194,0.5136986374855042,0.4392348527908325,0.5181159377098083,0.4093398153781891,64.0,3,full_power_set,7,standard_focal_sets__full
tpz04y0o,run-20260404_175744-tpz04y0o,chameleon,random_set,GAT,64,3,0.05181601159039421,0.06991742192644428,-1,False,full,False,False,False,0.6247192621231079,0.6242439150810242,0.1420065015554428,,0.372488409280777,0.6235619783401489,0.4063926935195923,0.5,0.3695652186870575,0.5,56.0,3,full_power_set,7,standard_focal_sets__full
u2weyxwg,run-20260404_175800-u2weyxwg,chameleon,random_set,GAT,256,2,0.09119537964199376,0.02038220830466013,-1,False,full,False,False,False,0.5550718307495117,0.5549607276916504,0.027139507234096527,,0.372488409280777,0.5522009134292603,0.4063926935195923,0.837020754814148,0.3695652186870575,0.8237519264221191,100.0,3,full_power_set,7,standard_focal_sets__full
8p1dfv1p,run-20260404_175826-8p1dfv1p,chameleon,random_set,GAT,256,3,0.020707967747580228,0.01884435508089104,-1,False,full,False,False,False,0.5569891929626465,0.5568784475326538,0.025992749258875847,,0.372488409280777,0.5539292693138123,0.4063926935195923,0.8378171324729919,0.3695652186870575,0.8208735585212708,58.0,3,full_power_set,7,standard_focal_sets__full
yh998zhn,run-20260404_175848-yh998zhn,chameleon,random_set,GAT,64,3,0.03696150966929151,0.0197266381248024,-1,False,full,False,False,False,0.5588861107826233,0.5587604641914368,0.031275007873773575,,0.372488409280777,0.5557695627212524,0.4063926935195923,0.7546094059944153,0.3695652186870575,0.7421899437904358,62.0,3,full_power_set,7,standard_focal_sets__full
5cj1rryq,run-20260404_175904-5cj1rryq,chameleon,random_set,GAT,256,2,0.06943996884516197,0.028919352047469548,-1,False,full,False,False,False,0.5652168393135071,0.5650448203086853,0.04374340549111366,,0.372488409280777,0.5628818273544312,0.4063926935195923,0.8392254710197449,0.3695652186870575,0.8263587951660156,61.0,3,full_power_set,7,standard_focal_sets__full
j1rzizs7,run-20260404_175930-j1rzizs7,chameleon,random_set,GAT,128,2,0.09360777956257176,0.02727515060263472,-1,False,full,False,False,False,0.5643050074577332,0.5641392469406128,0.04279248043894768,,0.372488409280777,0.5617388486862183,0.4063926935195923,0.840025782585144,0.3695652186870575,0.8253321051597595,72.0,3,full_power_set,7,standard_focal_sets__full
yiowfxzf,run-20260404_175947-yiowfxzf,chameleon,random_set,GAT,256,2,0.07475270427821507,0.06891492782237646,-1,False,full,False,False,False,0.6225787401199341,0.6221112012863159,0.1393672376871109,,0.372488409280777,0.6213679909706116,0.4063926935195923,0.5005452632904053,0.3695652186870575,0.48283010721206665,52.0,3,full_power_set,7,standard_focal_sets__full
n7g1pxgf,run-20260404_180003-n7g1pxgf,chameleon,random_set,GAT,256,3,0.08178888668840448,0.02396748969362147,-1,False,full,False,False,False,0.5592290163040161,0.559100329875946,0.031193910166621208,,0.372488409280777,0.5564230680465698,0.4063926935195923,0.8400924801826477,0.3695652186870575,0.819514811038971,71.0,3,full_power_set,7,standard_focal_sets__full
axvbejya,run-20260404_180029-axvbejya,chameleon,random_set,GAT,128,2,0.09944865462135438,0.019694183594744265,-1,False,full,False,False,False,0.5548223853111267,0.5547123551368713,0.027590783312916756,,0.372488409280777,0.5520220398902893,0.4063926935195923,0.8377818465232849,0.3695652186870575,0.82431560754776,71.0,3,full_power_set,7,standard_focal_sets__full
3f5ml464,run-20260404_180045-3f5ml464,chameleon,random_set,GAT,256,3,0.0854780521400404,0.036440374282735,-1,False,full,False,False,False,0.581982433795929,0.5817084312438965,0.07731442153453827,,0.372488409280777,0.5799219012260437,0.4063926935195923,0.5399426221847534,0.3695652186870575,0.5161835551261902,82.0,3,full_power_set,7,standard_focal_sets__full
64cpg9wk,run-20260404_180135-64cpg9wk,chameleon,random_set,GAT,256,3,0.07059225661265567,0.014246211802582924,-1,False,full,False,False,False,0.5487400889396667,0.5486727952957153,0.01622205600142479,,0.372488409280777,0.5456893444061279,0.4063926935195923,0.8219021558761597,0.3695652186870575,0.8060286045074463,73.0,3,full_power_set,7,standard_focal_sets__full
izltem7e,run-20260404_180207-izltem7e,chameleon,random_set,GAT,256,2,0.06920065308146202,0.04276890125420553,-1,False,full,False,False,False,0.5921598076820374,0.5918315649032593,0.0956297218799591,,0.372488409280777,0.5903956890106201,0.4063926935195923,0.7633455395698547,0.3695652186870575,0.7595008015632629,59.0,3,full_power_set,7,standard_focal_sets__full
ggimxjah,run-20260404_180233-ggimxjah,chameleon,random_set,GAT,64,3,0.017951633929744627,0.024950571795456865,-1,False,full,False,False,False,0.563667893409729,0.5635080933570862,0.04069208726286888,,0.372488409280777,0.5609579682350159,0.4063926935195923,0.6232131123542786,0.3695652186870575,0.6452898979187012,66.0,3,full_power_set,7,standard_focal_sets__full
bw0th8we,run-20260404_180250-bw0th8we,chameleon,random_set,GAT,64,3,0.02817120846573405,0.04062288024419797,-1,False,full,False,False,False,0.5885267853736877,0.5882174372673035,0.08831986784934998,,0.372488409280777,0.586557924747467,0.4063926935195923,0.5011415481567383,0.3695652186870575,0.5,58.0,3,full_power_set,7,standard_focal_sets__full
n0fpt3vn,run-20260404_180306-n0fpt3vn,chameleon,random_set,GAT,256,3,0.09071887065486056,0.03296394984049197,-1,False,full,False,False,False,0.5684186816215515,0.5682269334793091,0.05192960426211357,,0.372488409280777,0.5661183595657349,0.4063926935195923,0.8267821669578552,0.3695652186870575,0.8137480020523071,64.0,3,full_power_set,7,standard_focal_sets__full
owx2ec1j,run-20260404_180328-owx2ec1j,chameleon,random_set,GAT,256,3,0.06929120018706336,0.02665248579403045,-1,False,full,False,False,False,0.5649386048316956,0.5647696852684021,0.044331327080726624,,0.372488409280777,0.5623951554298401,0.4063926935195923,0.8155431747436523,0.3695652186870575,0.800815224647522,66.0,3,full_power_set,7,standard_focal_sets__full
nf6o64z8,run-20260404_180349-nf6o64z8,chameleon,random_set,GAT,256,2,0.06297509091847006,0.02910243837669382,-1,False,full,False,False,False,0.5661109089851379,0.5659332871437073,0.04537201672792435,,0.372488409280777,0.5636383295059204,0.4063926935195923,0.8402453660964966,0.3695652186870575,0.8257045149803162,72.0,3,full_power_set,7,standard_focal_sets__full
wlwn3rmy,run-20260404_180410-wlwn3rmy,chameleon,random_set,GAT,128,3,0.036173528225915776,0.041991637825570555,-1,False,full,False,False,False,0.591640830039978,0.5913152098655701,0.09453742206096649,,0.372488409280777,0.5900760889053345,0.4063926935195923,0.5,0.3695652186870575,0.5,55.0,3,full_power_set,7,standard_focal_sets__full
301kljdr,run-20260404_180426-301kljdr,chameleon,random_set,GAT,64,2,0.09844803210540928,0.0554257342184539,-1,False,full,False,False,False,0.6140827536582947,0.6136508584022522,0.12646141648292542,,0.372488409280777,0.6128783226013184,0.4063926935195923,0.4818175137042999,0.3695652186870575,0.4348228871822357,54.0,3,full_power_set,7,standard_focal_sets__full
j6iqlq59,run-20260404_180447-j6iqlq59,chameleon,random_set,GAT,64,2,0.047825003156076226,0.04180767101341769,-1,False,full,False,False,False,0.5912566184997559,0.5909329056739807,0.0931893065571785,,0.372488409280777,0.5895360708236694,0.4063926935195923,0.768151044845581,0.3695652186870575,0.7648047804832458,56.0,3,full_power_set,7,standard_focal_sets__full
rgzoal8o,run-20260404_180508-rgzoal8o,chameleon,random_set,GAT,64,2,0.04586524358665115,0.08783194897869147,-1,False,full,False,False,False,0.6328074932098389,0.6322994828224182,0.15159767866134644,,0.372488409280777,0.6320096254348755,0.4063926935195923,0.5,0.3695652186870575,0.5,69.0,3,full_power_set,7,standard_focal_sets__full
0blo9sno,run-20260404_180530-0blo9sno,chameleon,random_set,GAT,256,2,0.012636054880124236,0.034176702186112635,-1,False,full,False,False,False,0.5719130635261536,0.5716986656188965,0.05473586171865463,,0.372488409280777,0.5695515871047974,0.4063926935195923,0.8401669263839722,0.3695652186870575,0.8264291286468506,58.0,3,full_power_set,7,standard_focal_sets__full
84mm5xzn,run-20260404_180556-84mm5xzn,chameleon,random_set,GAT,256,3,0.09355370212317658,0.07987282709922874,-1,False,full,False,False,False,0.6298394799232483,0.6293429136276245,0.14706388115882874,,0.372488409280777,0.6292021870613098,0.4063926935195923,0.5,0.3695652186870575,0.5,52.0,3,full_power_set,7,standard_focal_sets__full
fxtibs3n,run-20260404_180623-fxtibs3n,chameleon,random_set,GAT,64,3,0.001179875591523431,0.07786757532588949,-1,False,full,False,False,False,0.6400569677352905,0.6395137906074524,0.1562582403421402,,0.372488409280777,0.6393437385559082,0.4063926935195923,0.5136986374855042,0.3695652186870575,0.5090579986572266,176.0,3,full_power_set,7,standard_focal_sets__full
yac7ma2p,run-20260404_180651-yac7ma2p,chameleon,random_set,GAT,256,3,0.08074434249366283,0.05794161020790649,-1,False,full,False,False,False,0.6144985556602478,0.6140652298927307,0.12856897711753845,,0.372488409280777,0.6133986115455627,0.4063926935195923,0.5141341090202332,0.3695652186870575,0.5065217018127441,52.0,3,full_power_set,7,standard_focal_sets__full
5iz3phgy,run-20260404_180713-5iz3phgy,chameleon,random_set,GAT,256,3,0.07627605205902413,0.005480599786938269,-1,False,full,False,False,False,0.20301569998264313,0.20297089219093323,0.020249532535672188,,0.8485316634178162,0.5995594263076782,0.5273972749710083,0.4840967059135437,0.5471014380455017,0.4853764474391937,142.0,3,full_power_set,7,standard_focal_sets__full
33j0p085,run-20260404_180755-33j0p085,chameleon,random_set,GAT,64,2,0.02119714041599038,0.00561820190416361,-1,False,full,False,False,False,0.18336836993694305,0.183324933052063,0.024564692750573158,,0.8763523697853088,0.6298143863677979,0.5456621050834656,0.4896828830242157,0.5652173757553101,0.5171396732330322,60.0,3,full_power_set,7,standard_focal_sets__full
srmm318k,run-20260404_180816-srmm318k,chameleon,random_set,GAT,64,3,0.05197641230376575,0.08285672789698476,-1,False,full,False,False,False,0.6309099197387695,0.6304097175598145,0.1498871147632599,,0.372488409280777,0.6299270987510681,0.4063926935195923,0.5,0.3695652186870575,0.5,58.0,3,full_power_set,7,standard_focal_sets__full
q9leimwj,run-20260404_180832-q9leimwj,chameleon,random_set,GAT,128,3,0.004626169272218807,0.07521390365398996,-1,False,full,False,False,False,0.644136369228363,0.6435772776603699,0.14570622146129608,,0.372488409280777,0.6431368589401245,0.4063926935195923,0.5016946792602539,0.3695652186870575,0.49613526463508606,80.0,3,full_power_set,7,standard_focal_sets__full
ihn1t5oe,run-20260404_180854-ihn1t5oe,chameleon,random_set,GAT,128,3,0.08271365678181239,0.031200314223520105,-1,False,full,False,False,False,0.5747086405754089,0.5744764804840088,0.06549249589443207,,0.372488409280777,0.5723048448562622,0.4063926935195923,0.7967997193336487,0.3695652186870575,0.786795437335968,56.0,3,full_power_set,7,standard_focal_sets__full
cv5tfs3t,run-20260404_180910-cv5tfs3t,chameleon,random_set,GAT,64,3,0.07463870324141851,0.039378283130552146,-1,False,full,False,False,False,0.5862257480621338,0.5859286785125732,0.08542127162218094,,0.372488409280777,0.5846340656280518,0.4063926935195923,0.5,0.3695652186870575,0.5,55.0,3,full_power_set,7,standard_focal_sets__full
j9jzx08q,run-20260404_180931-j9jzx08q,chameleon,random_set,GAT,256,3,0.07966100564090481,0.05283949470654132,-1,False,full,False,False,False,0.6081699728965759,0.6077653169631958,0.12080706655979156,,0.372488409280777,0.6065438985824585,0.4063926935195923,0.5,0.3695652186870575,0.5,55.0,3,full_power_set,7,standard_focal_sets__full
393x4muq,run-20260404_181018-393x4muq,chameleon,random_set,GAT,128,3,0.05350808978979011,0.06867346790274372,-1,False,full,False,False,False,0.6246289610862732,0.624153196811676,0.141744002699852,,0.372488409280777,0.6232975721359253,0.4063926935195923,0.5,0.3695652186870575,0.5,55.0,3,full_power_set,7,standard_focal_sets__full
weffvnt2,run-20260404_181034-weffvnt2,chameleon,random_set,GAT,128,3,0.08148272526738112,0.02868459264257572,-1,False,full,False,False,False,0.5699611902236938,0.5697588920593262,0.05504210293292999,,0.372488409280777,0.5673022866249084,0.4063926935195923,0.8292418122291565,0.3695652186870575,0.8052636384963989,56.0,3,full_power_set,7,standard_focal_sets__full
datsca5j,run-20260404_181050-datsca5j,chameleon,random_set,GAT,128,3,0.04598894428340506,0.017311780383244657,-1,False,full,False,False,False,0.5560204386711121,0.5559161305427551,0.025565318763256073,,0.372488409280777,0.5528349876403809,0.4063926935195923,0.8155627846717834,0.3695652186870575,0.7992753386497498,55.0,3,full_power_set,7,standard_focal_sets__full
3r93z6pi,run-20260404_181107-3r93z6pi,chameleon,random_set,GAT,256,2,0.07947552294662813,0.03589958252720877,-1,False,full,False,False,False,0.5767998695373535,0.5765557885169983,0.06759072840213776,,0.372488409280777,0.5749119520187378,0.4063926935195923,0.840598464012146,0.3695652186870575,0.8250704407691956,72.0,3,full_power_set,7,standard_focal_sets__full
fttsv9s5,run-20260404_181128-fttsv9s5,chameleon,random_set,GAT,256,2,0.03123245407937912,0.018404574133519046,-1,False,full,False,False,False,0.5534610748291016,0.5533577799797058,0.026245608925819397,,0.372488409280777,0.5502106547355652,0.4063926935195923,0.836373507976532,0.3695652186870575,0.8238728046417236,56.0,3,full_power_set,7,standard_focal_sets__full
fz2qeypr,run-20260404_181145-fz2qeypr,chameleon,random_set,GAT,256,2,0.04596889064296244,0.0275512425414489,-1,False,full,False,False,False,0.5640523433685303,0.5638881325721741,0.042993344366550446,,0.372488409280777,0.5616319179534912,0.4063926935195923,0.8386919498443604,0.3695652186870575,0.8240338563919067,58.0,3,full_power_set,7,standard_focal_sets__full
3m18e5lc,run-20260404_181220-3m18e5lc,chameleon,random_set,GAT,128,2,0.05917260836175366,0.050764303214851425,-1,False,full,False,False,False,0.6034870743751526,0.6031039357185364,0.11193746328353882,,0.372488409280777,0.6021862030029297,0.4063926935195923,0.7096416354179382,0.3695652186870575,0.6995672583580017,54.0,3,full_power_set,7,standard_focal_sets__full
jxwy8at4,run-20260404_181253-jxwy8at4,chameleon,random_set,GAT,256,2,0.08706297185771815,0.009494821082338378,-1,False,full,False,False,False,0.2915339469909668,0.2914617657661438,0.027522476390004158,,0.8052549958229065,0.4961336851119995,0.5525113940238953,0.5438811182975769,0.6231883764266968,0.5596215724945068,130.0,3,full_power_set,7,standard_focal_sets__full
kmy8630e,run-20260404_181327-kmy8630e,chameleon,random_set,GAT,128,3,0.09463071063338456,0.05345207205466057,-1,False,full,False,False,False,0.6104152798652649,0.6099994778633118,0.12240508198738098,,0.372488409280777,0.6090030074119568,0.4063926935195923,0.5,0.3695652186870575,0.5,54.0,3,full_power_set,7,standard_focal_sets__full
evj7cmzm,run-20260404_181343-evj7cmzm,chameleon,random_set,GAT,64,2,0.05614876125959061,0.015454765273205944,-1,False,full,False,False,False,0.38672783970832825,0.38663822412490845,0.025354178622364998,,0.8006182312965393,0.4987165331840515,0.5410959124565125,0.6024808287620544,0.5978260636329651,0.6118055582046509,152.0,3,full_power_set,7,standard_focal_sets__full
req4ptjc,run-20260404_181451-req4ptjc,chameleon,random_set,GAT,128,2,0.05197515677955729,0.040715424362344835,-1,False,full,False,False,False,0.5890164971351624,0.588704526424408,0.08974630385637283,,0.372488409280777,0.5868093967437744,0.4063926935195923,0.8026252388954163,0.3695652186870575,0.8033816814422607,54.0,3,full_power_set,7,standard_focal_sets__full
t1dwj55p,run-20260404_181507-t1dwj55p,chameleon,random_set,GAT,128,2,0.06258498087431422,0.04041391273210109,-1,False,full,False,False,False,0.5886486768722534,0.5883386135101318,0.08927732706069946,,0.372488409280777,0.5868970155715942,0.4063926935195923,0.8025466203689575,0.3695652186870575,0.8015599846839905,54.0,3,full_power_set,7,standard_focal_sets__full
9toqqz8z,run-20260404_181547-9toqqz8z,chameleon,random_set,GAT,256,3,0.06549629036366654,0.026729511977823403,-1,False,full,False,False,False,0.5659806132316589,0.5658048987388611,0.046147044748067856,,0.372488409280777,0.5635445713996887,0.4063926935195923,0.8122676014900208,0.3695652186870575,0.7997081279754639,65.0,3,full_power_set,7,standard_focal_sets__full
5tsmfdlq,run-20260404_181614-5tsmfdlq,chameleon,random_set,GAT,256,2,0.03486782097807776,0.05173607313909281,-1,False,full,False,False,False,0.6074793338775635,0.6070775389671326,0.11970223486423492,,0.372488409280777,0.6061307191848755,0.4063926935195923,0.7410362362861633,0.3695652186870575,0.7102053165435791,54.0,3,full_power_set,7,standard_focal_sets__full
usmjxz05,run-20260404_181649-usmjxz05,chameleon,random_set,GAT,128,2,0.03389382577269698,0.028134637152824302,-1,False,full,False,False,False,0.5648394227027893,0.5646696090698242,0.04471113905310631,,0.372488409280777,0.5620905756950378,0.4063926935195923,0.839605987071991,0.3695652186870575,0.8264794945716858,54.0,3,full_power_set,7,standard_focal_sets__full
ix81mzbb,run-20260404_181717-ix81mzbb,chameleon,random_set,GAT,256,2,0.040844466901976365,0.02941976946750926,-1,False,full,False,False,False,0.5673521161079407,0.5671660900115967,0.04917125776410103,,0.372488409280777,0.5646670460700989,0.4063926935195923,0.840276837348938,0.3695652186870575,0.8275764584541321,56.0,3,full_power_set,7,standard_focal_sets__full
9wwospfs,run-20260404_181803-9wwospfs,chameleon,random_set,GAT,256,3,0.07748712230555058,0.02878739647140469,-1,False,full,False,False,False,0.5672077536582947,0.5670233964920044,0.04984075948596001,,0.372488409280777,0.5649978518486023,0.4063926935195923,0.8267351388931274,0.3695652186870575,0.7954207062721252,71.0,3,full_power_set,7,standard_focal_sets__full
g8p2w99v,run-20260404_181840-g8p2w99v,chameleon,random_set,GAT,256,2,0.06984173753788525,0.023529419612998988,-1,False,full,False,False,False,0.5597400665283203,0.5596029758453369,0.03532605618238449,,0.372488409280777,0.556979238986969,0.4063926935195923,0.839480459690094,0.3695652186870575,0.8269323706626892,73.0,3,full_power_set,7,standard_focal_sets__full
pg3v1lbp,run-20260404_181954-pg3v1lbp,chameleon,random_set,GAT,256,2,0.05736087552208217,0.023064995443622425,-1,False,full,False,False,False,0.5587360262870789,0.5586049556732178,0.033810295164585114,,0.372488409280777,0.5559675693511963,0.4063926935195923,0.8360205292701721,0.3695652186870575,0.8225643634796143,60.0,3,full_power_set,7,standard_focal_sets__full
wjiyarla,run-20260404_182052-wjiyarla,chameleon,random_set,GAT,256,2,0.026332901998313972,0.0574380051724195,-1,False,full,False,False,False,0.6144217848777771,0.6139895915985107,0.12842392921447754,,0.372488409280777,0.6132599115371704,0.4063926935195923,0.5045661926269531,0.3695652186870575,0.5008453726768494,55.0,3,full_power_set,7,standard_focal_sets__full
44l9c35f,run-20260404_182118-44l9c35f,chameleon,random_set,GAT,256,3,0.04220413877845886,0.020367855391959237,-1,False,full,False,False,False,0.5589135885238647,0.5587875247001648,0.031922727823257446,,0.372488409280777,0.5561143755912781,0.4063926935195923,0.8260446190834045,0.3695652186870575,0.811815619468689,57.0,3,full_power_set,7,standard_focal_sets__full
dqic8gde,run-20260404_182141-dqic8gde,chameleon,random_set,GAT,256,2,0.019310816566800483,0.03152193078455918,-1,False,full,False,False,False,0.5689760446548462,0.5687794089317322,0.05282816290855408,,0.372488409280777,0.5664256811141968,0.4063926935195923,0.839841365814209,0.3695652186870575,0.8279488682746887,55.0,3,full_power_set,7,standard_focal_sets__full
itia3vk0,run-20260404_182207-itia3vk0,chameleon,random_set,GAT,128,3,0.09300504061672676,0.011992962700274454,-1,False,full,False,False,False,0.548905074596405,0.54884934425354,0.014427365735173225,,0.372488409280777,0.5453284382820129,0.4063926935195923,0.8265036344528198,0.3695652186870575,0.8144525289535522,71.0,3,full_power_set,7,standard_focal_sets__full
epry0wk3,run-20260404_182233-epry0wk3,chameleon,random_set,GAT,256,3,0.07862955553682933,0.03252754802826806,-1,False,full,False,False,False,0.5731528997421265,0.5729309320449829,0.05910225212574005,,0.372488409280777,0.5708787441253662,0.4063926935195923,0.7473912835121155,0.3695652186870575,0.7101247310638428,66.0,3,full_power_set,7,standard_focal_sets__full
1bulho52,run-20260404_182301-1bulho52,chameleon,random_set,GAT,256,3,0.09417339060243402,0.010476310595586251,-1,False,full,False,False,False,3.7445366382598877,3.7445271015167236,0.009521964937448502,,0.3786707818508148,2.8356869220733643,0.34018266201019287,0.4127085506916046,0.3333333432674408,0.3904891610145569,51.0,3,full_power_set,7,standard_focal_sets__full
flkag4hm,run-20260404_182322-flkag4hm,chameleon,random_set,GAT,128,2,0.0910589685533829,0.01585412815273183,-1,False,full,False,False,False,0.5404608249664307,0.5403634905815125,0.03168917074799538,,0.372488409280777,0.5408448576927185,0.4063926935195923,0.7969566583633423,0.3695652186870575,0.7820450067520142,71.0,3,full_power_set,7,standard_focal_sets__full
q9phpx9o,run-20260404_182339-q9phpx9o,chameleon,random_set,GAT,256,3,0.07030023539989283,0.023711040770500475,-1,False,full,False,False,False,0.5600781440734863,0.5599431395530701,0.03436814993619919,,0.372488409280777,0.5572678446769714,0.4063926935195923,0.835655689239502,0.3695652186870575,0.8199476599693298,70.0,3,full_power_set,7,standard_focal_sets__full
sjbl5du8,run-20260404_182406-sjbl5du8,chameleon,random_set,GAT,256,2,0.041860803931354794,0.045968423529917694,-1,False,full,False,False,False,0.5976502895355225,0.5972947478294373,0.10351552069187164,,0.372488409280777,0.5956562757492065,0.4063926935195923,0.7142235636711121,0.3695652186870575,0.7029186487197876,53.0,3,full_power_set,7,standard_focal_sets__full
ceikcg5p,run-20260404_182427-ceikcg5p,chameleon,random_set,GAT,256,3,0.05882095436691937,0.020783681454068247,-1,False,full,False,False,False,0.5578222274780273,0.557704508304596,0.028614286333322525,,0.372488409280777,0.5549860000610352,0.4063926935195923,0.8414889574050903,0.3695652186870575,0.8251912593841553,56.0,3,full_power_set,7,standard_focal_sets__full
bgnngk0u,run-20260404_182449-bgnngk0u,chameleon,random_set,GAT,256,2,0.09947674891979008,0.03722805318392846,-1,False,full,False,False,False,0.579680860042572,0.5794200897216797,0.07282598316669464,,0.372488409280777,0.5774382948875427,0.4063926935195923,0.8385311365127563,0.3695652186870575,0.8261674642562866,83.0,3,full_power_set,7,standard_focal_sets__full
2yux9pil,run-20260404_182520-2yux9pil,chameleon,random_set,GAT,256,2,0.024314568717543616,0.004348143975223135,-1,False,full,False,False,False,0.16628111898899078,0.16624142229557037,0.023485369980335236,,0.8964451551437378,0.6542961597442627,0.5,0.467314749956131,0.5760869383811951,0.46583130955696106,60.0,3,full_power_set,7,standard_focal_sets__full
9bwkwn8d,run-20260404_182547-9bwkwn8d,chameleon,random_set,GAT,256,2,0.01848057256326317,0.03973619371345938,-1,False,full,False,False,False,0.5840272307395935,0.583742082118988,0.07892069965600967,,0.372488409280777,0.582065999507904,0.4063926935195923,0.8388568162918091,0.3695652186870575,0.8243357539176941,56.0,3,full_power_set,7,standard_focal_sets__full
51lozrku,run-20260404_182623-51lozrku,chameleon,random_set,GAT,256,2,0.05039030133102574,0.02013982439604451,-1,False,full,False,False,False,0.5558943152427673,0.555778443813324,0.030822696164250374,,0.372488409280777,0.5525288581848145,0.4063926935195923,0.8369580507278442,0.3695652186870575,0.8252818584442139,61.0,3,full_power_set,7,standard_focal_sets__full
dqw3npwk,run-20260404_182656-dqw3npwk,chameleon,random_set,GAT,256,2,0.058225717573217754,0.02869145401811797,-1,False,full,False,False,False,0.5664352178573608,0.5662552118301392,0.047041162848472595,,0.372488409280777,0.5633760094642639,0.4063926935195923,0.8396687507629395,0.3695652186870575,0.8253824710845947,61.0,3,full_power_set,7,standard_focal_sets__full
q6rd7xnr,run-20260404_182718-q6rd7xnr,chameleon,random_set,GAT,256,2,0.09833269312878236,0.019877333455072997,-1,False,full,False,False,False,0.5454854965209961,0.5453885197639465,0.0205236729234457,,0.372488409280777,0.5519402027130127,0.4383561611175537,0.8084897994995117,0.39855071902275085,0.8103965520858765,94.0,3,full_power_set,7,standard_focal_sets__full
tdyd3wdg,run-20260404_182744-tdyd3wdg,chameleon,random_set,GAT,256,2,0.07120310374022265,0.03004382546679192,-1,False,full,False,False,False,0.5678484439849854,0.5676590204238892,0.050196681171655655,,0.372488409280777,0.5651270151138306,0.4063926935195923,0.8392843008041382,0.3695652186870575,0.8262580633163452,72.0,3,full_power_set,7,standard_focal_sets__full
wzo6hu6i,run-20260404_182806-wzo6hu6i,chameleon,random_set,GAT,256,2,0.09113910850120134,0.024965467590265415,-1,False,full,False,False,False,0.5600011944770813,0.5598588585853577,0.03680214285850525,,0.372488409280777,0.5573980212211609,0.4063926935195923,0.8388763070106506,0.3695652186870575,0.8260868787765503,68.0,3,full_power_set,7,standard_focal_sets__full
1hlj2ind,run-20260404_182900-1hlj2ind,chameleon,random_set,GAT,256,3,0.09353841050311831,0.019761739069717208,-1,False,full,False,False,False,0.5549502372741699,0.5548522472381592,0.022928209975361824,,0.372488409280777,0.5520032644271851,0.4063926935195923,0.8360518217086792,0.3695652186870575,0.822564423084259,86.0,3,full_power_set,7,standard_focal_sets__full
6vswnts9,run-20260404_182941-6vswnts9,chameleon,random_set,GAT,256,2,0.0915840787664602,0.043330497503404425,-1,False,full,False,False,False,0.5928899049758911,0.5925583243370056,0.09611696749925613,,0.372488409280777,0.5905742645263672,0.4063926935195923,0.7747297286987305,0.3695652186870575,0.7906501293182373,72.0,3,full_power_set,7,standard_focal_sets__full
jvq6uodb,run-20260404_183003-jvq6uodb,chameleon,random_set,GAT,256,2,0.05035216199965245,0.021195310040536795,-1,False,full,False,False,False,0.5569664239883423,0.556845486164093,0.032255470752716064,,0.372488409280777,0.5539327263832092,0.4063926935195923,0.8391351699829102,0.3695652186870575,0.8260667324066162,61.0,3,full_power_set,7,standard_focal_sets__full
3gi4hh81,run-20260404_183050-3gi4hh81,chameleon,random_set,GAT,128,3,0.061309848172684416,0.03982334856457203,-1,False,full,False,False,False,0.5872824788093567,0.5869798064231873,0.08635877817869186,,0.372488409280777,0.5855147838592529,0.4063926935195923,0.6091536283493042,0.3695652186870575,0.582608699798584,53.0,3,full_power_set,7,standard_focal_sets__full
uunzxw0q,run-20260404_183130-uunzxw0q,chameleon,random_set,GAT,128,2,0.06662211121494467,0.03736570896721387,-1,False,full,False,False,False,0.584140419960022,0.5838543176651001,0.08154772967100143,,0.372488409280777,0.5820298790931702,0.4063926935195923,0.8389038443565369,0.3695652186870575,0.819031834602356,54.0,3,full_power_set,7,standard_focal_sets__full
fcb0sz09,run-20260404_183215-fcb0sz09,chameleon,random_set,GAT,256,3,0.030294332130187035,0.02779724237242347,-1,False,full,False,False,False,0.5688202977180481,0.568625807762146,0.05192062631249428,,0.372488409280777,0.5663232803344727,0.4063926935195923,0.7927865982055664,0.3695652186870575,0.7669786214828491,58.0,3,full_power_set,7,standard_focal_sets__full
03u6y92c,run-20260404_183237-03u6y92c,chameleon,random_set,GAT,128,2,0.08360042780155824,0.0111878744842827,-1,False,full,False,False,False,0.27217966318130493,0.27210894227027893,0.02431134693324566,,0.8361669182777405,0.49136555194854736,0.534246563911438,0.5141379833221436,0.5797101259231567,0.5088667869567871,104.0,3,full_power_set,7,standard_focal_sets__full
bhaiyjlu,run-20260404_183258-bhaiyjlu,chameleon,random_set,GAT,256,2,0.09340168299677402,0.024731314697059786,-1,False,full,False,False,False,0.5612197518348694,0.5610737800598145,0.037810713052749634,,0.372488409280777,0.5584432482719421,0.4063926935195923,0.83995121717453,0.3695652186870575,0.8269121646881104,96.0,3,full_power_set,7,standard_focal_sets__full
hjkudn2f,run-20260404_183325-hjkudn2f,chameleon,random_set,GAT,256,2,0.04908811547601724,0.01907438804254171,-1,False,full,False,False,False,0.5547406673431396,0.554631233215332,0.028730634599924088,,0.372488409280777,0.5514691472053528,0.4063926935195923,0.8375778794288635,0.3695652186870575,0.8241042494773865,61.0,3,full_power_set,7,standard_focal_sets__full
nlmcw3yl,run-20260404_183346-nlmcw3yl,chameleon,random_set,GAT,256,2,0.05422976819107392,0.021501937441068545,-1,False,full,False,False,False,0.5572491884231567,0.5571267604827881,0.031821589916944504,,0.372488409280777,0.5543365478515625,0.4063926935195923,0.8388057947158813,0.3695652186870575,0.8249094486236572,66.0,3,full_power_set,7,standard_focal_sets__full
rpp0iomf,run-20260404_183408-rpp0iomf,chameleon,random_set,GAT,256,2,0.07260143947684002,0.028533398512878335,-1,False,full,False,False,False,0.5659594535827637,0.5657815933227539,0.04792260006070137,,0.372488409280777,0.5632627010345459,0.4063926935195923,0.841445803642273,0.3695652186870575,0.8276469111442566,72.0,3,full_power_set,7,standard_focal_sets__full
h30bgrdp,run-20260404_183429-h30bgrdp,chameleon,random_set,GAT,256,2,0.023742744154661967,0.026396857081155325,-1,False,full,False,False,False,0.5627917647361755,0.562635064125061,0.040904223918914795,,0.372488409280777,0.5599653720855713,0.4063926935195923,0.8405239582061768,0.3695652186870575,0.8261976838111877,58.0,3,full_power_set,7,standard_focal_sets__full
9wii0vfx,run-20260404_183451-9wii0vfx,chameleon,random_set,GAT,256,2,0.013882831343730178,0.035773704228413666,-1,False,full,False,False,False,0.5746484994888306,0.5744171142578125,0.06083155795931816,,0.372488409280777,0.5722922682762146,0.4063926935195923,0.8391352295875549,0.3695652186870575,0.8251711130142212,57.0,3,full_power_set,7,standard_focal_sets__full
u76r154v,run-20260404_183517-u76r154v,chameleon,random_set,GAT,64,2,0.09384773390973064,0.03826354865757023,-1,False,full,False,False,False,0.585452675819397,0.5851601362228394,0.08284684270620346,,0.372488409280777,0.5833819508552551,0.4063926935195923,0.8214549422264099,0.3695652186870575,0.7834439873695374,54.0,3,full_power_set,7,standard_focal_sets__full
ll998and,run-20260404_183538-ll998and,chameleon,random_set,GAT,256,2,0.04273312818237063,0.0315883347403845,-1,False,full,False,False,False,0.57093346118927,0.5707245469093323,0.057005979120731354,,0.372488409280777,0.568280041217804,0.4063926935195923,0.8391392230987549,0.3695652186870575,0.8277173638343811,55.0,3,full_power_set,7,standard_focal_sets__full
xhn0v27l,run-20260404_183556-xhn0v27l,chameleon,random_set,GAT,256,3,0.06655789925432112,0.02287835854623433,-1,False,full,False,False,False,0.5604336261749268,0.5602962970733643,0.034985676407814026,,0.372488409280777,0.5576892495155334,0.4063926935195923,0.836773693561554,0.3695652186870575,0.8180757164955139,67.0,3,full_power_set,7,standard_focal_sets__full
jlsbgtaq,run-20260404_183622-jlsbgtaq,chameleon,random_set,GAT,256,3,0.03695664749380924,0.024584517617165645,-1,False,full,False,False,False,0.5643846392631531,0.5642197132110596,0.04288867115974426,,0.372488409280777,0.5616377592086792,0.4063926935195923,0.8246323466300964,0.3695652186870575,0.7965176701545715,55.0,3,full_power_set,7,standard_focal_sets__full
5tl8y0iu,run-20260404_183712-5tl8y0iu,chameleon,random_set,GAT,256,2,0.09246453383160395,0.03107436475404926,-1,False,full,False,False,False,0.5681735873222351,0.5679818391799927,0.052587028592824936,,0.372488409280777,0.5660709142684937,0.4063926935195923,0.8361577987670898,0.3695652186870575,0.8230876922607422,71.0,3,full_power_set,7,standard_focal_sets__full
81vyt5jx,run-20260404_183734-81vyt5jx,chameleon,random_set,GAT,256,2,0.09102054760848226,0.04286305717030552,-1,False,full,False,False,False,0.5907991528511047,0.5904780626296997,0.09120190888643265,,0.372488409280777,0.5888519287109375,0.4063926935195923,0.8395510315895081,0.3695652186870575,0.8234400749206543,72.0,3,full_power_set,7,standard_focal_sets__full
vngwbwqd,run-20260404_183756-vngwbwqd,chameleon,random_set,GAT,64,3,0.0637463708865439,0.03453888436048914,-1,False,full,False,False,False,0.5803192853927612,0.580054759979248,0.0738927572965622,,0.372488409280777,0.5781636238098145,0.4063926935195923,0.496681272983551,0.3695652186870575,0.47137680649757385,54.0,3,full_power_set,7,standard_focal_sets__full
frvjz4oq,run-20260404_183813-frvjz4oq,chameleon,random_set,GAT,128,3,0.09598221913021264,0.025101598154176577,-1,False,full,False,False,False,0.5627226829528809,0.5625698566436768,0.03788607195019722,,0.372488409280777,0.559998095035553,0.4063926935195923,0.8223728537559509,0.3695652186870575,0.8216385245323181,55.0,3,full_power_set,7,standard_focal_sets__full
mdv9t5z1,run-20260404_183829-mdv9t5z1,chameleon,random_set,GAT,64,2,0.021630414639788872,0.0906902376630907,-1,False,full,False,False,False,0.6345087885856628,0.6339939832687378,0.15372374653816223,,0.372488409280777,0.6335633397102356,0.4063926935195923,0.5,0.3695652186870575,0.5,94.0,3,full_power_set,7,standard_focal_sets__full
i6c5y7md,run-20260404_183855-i6c5y7md,chameleon,random_set,GAT,256,2,0.01328276517642253,0.007400507211727169,-1,False,full,False,False,False,0.20211267471313477,0.20206201076507568,0.023318707942962646,,0.885625958442688,0.5526147484779358,0.5547945499420166,0.5114233493804932,0.6050724387168884,0.5533514022827148,59.0,3,full_power_set,7,standard_focal_sets__full
l6ang2jn,run-20260404_183939-l6ang2jn,chameleon,random_set,GAT,256,2,0.05069524217017749,0.03246601010420329,-1,False,full,False,False,False,0.5717806816101074,0.5715667605400085,0.05842883139848709,,0.372488409280777,0.5698444247245789,0.4063926935195923,0.837405264377594,0.3695652186870575,0.8222323060035706,58.0,3,full_power_set,7,standard_focal_sets__full
9hl6jelr,run-20260404_184001-9hl6jelr,chameleon,random_set,GAT,128,2,0.02140617139288112,0.06589299439627463,-1,False,full,False,False,False,0.6209785342216492,0.620518684387207,0.13828754425048828,,0.372488409280777,0.6198241114616394,0.4063926935195923,0.5,0.3695652186870575,0.5,60.0,3,full_power_set,7,standard_focal_sets__full
sj3ml0xv,run-20260404_184017-sj3ml0xv,chameleon,random_set,GAT,128,2,0.034973921770546874,0.04624929050327555,-1,False,full,False,False,False,0.5979615449905396,0.5976044535636902,0.10473065078258514,,0.372488409280777,0.5964194536209106,0.4063926935195923,0.6031987071037292,0.3695652186870575,0.6001207828521729,55.0,3,full_power_set,7,standard_focal_sets__full
h2i0usdq,run-20260404_184117-h2i0usdq,chameleon,random_set,GAT,256,2,0.08518749757887094,0.042546287167938686,-1,False,full,False,False,False,0.5901049971580505,0.5897873044013977,0.09190184623003006,,0.372488409280777,0.5887018442153931,0.4063926935195923,0.8230867981910706,0.3695652186870575,0.8074879050254822,72.0,3,full_power_set,7,standard_focal_sets__full
2m1xzict,run-20260404_184139-2m1xzict,chameleon,random_set,GAT,256,2,0.08073637486951023,0.030475146493378083,-1,False,full,False,False,False,0.5687297582626343,0.5685345530509949,0.05164099112153053,,0.372488409280777,0.5662634372711182,0.4063926935195923,0.8413790464401245,0.3695652186870575,0.826791524887085,73.0,3,full_power_set,7,standard_focal_sets__full
re5ciahu,run-20260404_184200-re5ciahu,chameleon,random_set,GAT,256,2,0.0907900865423476,0.01991184960286821,-1,False,full,False,False,False,0.5555726289749146,0.5554590821266174,0.03293861821293831,,0.372488409280777,0.5525802373886108,0.4063926935195923,0.8383035659790039,0.3695652186870575,0.8236311674118042,101.0,3,full_power_set,7,standard_focal_sets__full
hqdr658j,run-20260404_184227-hqdr658j,chameleon,random_set,GAT,128,3,0.03174405569828346,0.07826168229013503,-1,False,full,False,False,False,0.6294317841529846,0.6289359927177429,0.14638473093509674,,0.372488409280777,0.6285343170166016,0.4063926935195923,0.5,0.3695652186870575,0.5,57.0,3,full_power_set,7,standard_focal_sets__full
p1rkw8ic,run-20260404_184243-p1rkw8ic,chameleon,random_set,GAT,256,2,0.07335041931996694,0.03506758257283722,-1,False,full,False,False,False,0.5766506791114807,0.576407253742218,0.0675068274140358,,0.372488409280777,0.5746068358421326,0.4063926935195923,0.8406612873077393,0.3695652186870575,0.8256441354751587,72.0,3,full_power_set,7,standard_focal_sets__full
v7j9wpx6,run-20260404_184305-v7j9wpx6,chameleon,random_set,GAT,128,2,0.09811642698641486,0.041063697290897365,-1,False,full,False,False,False,0.590179979801178,0.5898622870445251,0.09302529692649841,,0.372488409280777,0.5882168412208557,0.4063926935195923,0.8337216973304749,0.3695652186870575,0.8302636742591858,55.0,3,full_power_set,7,standard_focal_sets__full
9vphd35n,run-20260404_184321-9vphd35n,chameleon,random_set,GAT,256,2,0.012139393702239196,0.08866450127599804,-1,False,full,False,False,False,0.6336936950683594,0.6331821084022522,0.15275362133979797,,0.372488409280777,0.6327669620513916,0.4063926935195923,0.5,0.3695652186870575,0.5,139.0,3,full_power_set,7,standard_focal_sets__full
1etwiwmx,run-20260404_184358-1etwiwmx,chameleon,random_set,GAT,64,2,0.047272038718999466,0.051196728857567174,-1,False,full,False,False,False,0.6064600348472595,0.6060621738433838,0.11726944893598557,,0.372488409280777,0.6048679351806641,0.4063926935195923,0.5626323819160461,0.3695652186870575,0.5253421664237976,56.0,3,full_power_set,7,standard_focal_sets__full
11w70zw8,run-20260404_184414-11w70zw8,chameleon,random_set,GAT,128,2,0.05536806730592543,0.03554830164770093,-1,False,full,False,False,False,0.5804106593132019,0.5801454186439514,0.074382483959198,,0.372488409280777,0.5782045125961304,0.4063926935195923,0.8368717432022095,0.3695652186870575,0.8156098127365112,53.0,3,full_power_set,7,standard_focal_sets__full
iqiwtvkt,run-20260404_184430-iqiwtvkt,chameleon,random_set,GAT,128,3,0.04876759867485351,0.09821560703101297,-1,False,full,False,False,False,0.6379028558731079,0.6373748779296875,0.1574239879846573,,0.372488409280777,0.6370558142662048,0.4063926935195923,0.5,0.3695652186870575,0.5,74.0,3,full_power_set,7,standard_focal_sets__full
yvmksmc6,run-20260404_184452-yvmksmc6,chameleon,random_set,GAT,128,2,0.08436484570373616,0.02222877445444513,-1,False,full,False,False,False,0.5583945512771606,0.5582664012908936,0.031964559108018875,,0.372488409280777,0.5554465651512146,0.4063926935195923,0.8404455184936523,0.3695652186870575,0.8265700340270996,73.0,3,full_power_set,7,standard_focal_sets__full
k2tmo0gv,run-20260404_184517-k2tmo0gv,chameleon,random_set,GAT,64,2,0.048127489150469126,0.023371097358079827,-1,False,full,False,False,False,0.5593072175979614,0.559173583984375,0.03408893570303917,,0.372488409280777,0.5565463900566101,0.4063926935195923,0.8394019603729248,0.3695652186870575,0.8257447481155396,59.0,3,full_power_set,7,standard_focal_sets__full
sj7j4x5g,run-20260404_184529-sj7j4x5g,chameleon,random_set,GAT,128,3,0.0065601146255297536,0.08195485006870702,-1,False,full,False,False,False,0.6309555172920227,0.6304545402526855,0.14925996959209442,,0.372488409280777,0.6299657821655273,0.4063926935195923,0.5,0.3695652186870575,0.5,200.0,3,full_power_set,7,standard_focal_sets__full
usloupzw,run-20260404_184612-usloupzw,chameleon,random_set,GAT,256,2,0.0799167095700663,0.02834016133810973,-1,False,full,False,False,False,0.5657361149787903,0.565560519695282,0.04624315723776817,,0.372488409280777,0.5631370544433594,0.4063926935195923,0.8411555290222168,0.3695652186870575,0.8268921375274658,73.0,3,full_power_set,7,standard_focal_sets__full
fcigzatq,run-20260404_184633-fcigzatq,chameleon,random_set,GAT,64,2,0.020533166955479916,0.0012347841006165089,-1,False,full,False,False,False,0.05040358752012253,0.0503925196826458,0.008181560784578323,,0.973724901676178,1.0311529636383057,0.5045661926269531,0.4577311873435974,0.5144927501678467,0.4437902569770813,56.0,3,full_power_set,7,standard_focal_sets__full
mg5rq7r9,run-20260404_184649-mg5rq7r9,chameleon,random_set,GAT,256,2,0.0847666295534468,0.0314441933133274,-1,False,full,False,False,False,0.5701708197593689,0.5699676275253296,0.053009841591119766,,0.372488409280777,0.5679680705070496,0.4063926935195923,0.8411869406700134,0.3695652186870575,0.8277878165245056,72.0,3,full_power_set,7,standard_focal_sets__full
b5ac3zst,run-20260404_184710-b5ac3zst,chameleon,random_set,GAT,128,3,0.09866597241408132,0.07782306898469066,-1,False,full,False,False,False,0.6292540431022644,0.628759503364563,0.14664047956466675,,0.372488409280777,0.6281394362449646,0.4063926935195923,0.5,0.3695652186870575,0.5,54.0,3,full_power_set,7,standard_focal_sets__full
b3n5c38i,run-20260404_184727-b3n5c38i,chameleon,random_set,GAT,256,2,0.06900357311852134,0.0015343360616402563,-1,False,full,False,False,False,0.27363571524620056,0.27360424399375916,0.02831774204969406,,0.8717156052589417,0.9888607263565063,0.5136986374855042,0.5963846445083618,0.5,0.5792974829673767,55.0,3,full_power_set,7,standard_focal_sets__full
82o56tqg,run-20260404_184752-82o56tqg,chameleon,random_set,GAT,64,2,0.08281113647947752,0.07595235654109307,-1,False,full,False,False,False,0.6271339654922485,0.6266487240791321,0.1470048874616623,,0.372488409280777,0.626354455947876,0.4063926935195923,0.6092242002487183,0.3695652186870575,0.5989130735397339,56.0,3,full_power_set,7,standard_focal_sets__full
lwewfyg3,run-20260404_184809-lwewfyg3,chameleon,random_set,GAT,128,2,0.09899433954292104,0.0996636440832956,-1,False,full,False,False,False,0.6384769678115845,0.6379467248916626,0.15774856507778168,,0.372488409280777,0.6374304294586182,0.4063926935195923,0.6053406000137329,0.3695652186870575,0.5926328301429749,55.0,3,full_power_set,7,standard_focal_sets__full
z8l7caa2,run-20260404_184826-z8l7caa2,chameleon,random_set,GAT,256,2,0.09031841013990297,0.03978025523598977,-1,False,full,False,False,False,0.5859619379043579,0.5856661200523376,0.0831414982676506,,0.372488409280777,0.5839402079582214,0.4063926935195923,0.8399865031242371,0.3695652186870575,0.8234098553657532,72.0,3,full_power_set,7,standard_focal_sets__full
lhn2rrf8,run-20260404_184847-lhn2rrf8,chameleon,random_set,GAT,256,3,0.014365245410073248,0.0688574806083197,-1,False,full,False,False,False,0.6286398768424988,0.628146231174469,0.14157092571258545,,0.372488409280777,0.6272892355918884,0.4063926935195923,0.5,0.3695652186870575,0.5,59.0,3,full_power_set,7,standard_focal_sets__full
1zw8l8rb,run-20260404_184909-1zw8l8rb,chameleon,random_set,GAT,64,3,0.004312750465388396,0.021842943366272367,-1,False,full,False,False,False,0.5571421980857849,0.5570309162139893,0.02386591024696827,,0.372488409280777,0.5540592074394226,0.4063926935195923,0.8380564451217651,0.3695652186870575,0.82201087474823,92.0,3,full_power_set,7,standard_focal_sets__full
hspdfo3u,run-20260404_184935-hspdfo3u,chameleon,random_set,GAT,256,3,0.0744890715241057,0.02380562683166656,-1,False,full,False,False,False,0.5603727102279663,0.5602352619171143,0.035404495894908905,,0.372488409280777,0.5575406551361084,0.4063926935195923,0.8365775346755981,0.3695652186870575,0.8183977007865906,68.0,3,full_power_set,7,standard_focal_sets__full
fuiswam6,run-20260404_185007-fuiswam6,chameleon,random_set,GAT,64,2,0.09432666800802922,0.04613577942895837,-1,False,full,False,False,False,0.5981990694999695,0.5978403091430664,0.10441162437200546,,0.372488409280777,0.5965734124183655,0.4063926935195923,0.729197084903717,0.3695652186870575,0.7608394026756287,54.0,3,full_power_set,7,standard_focal_sets__full
wtn5iq4l,run-20260404_185019-wtn5iq4l,chameleon,random_set,GAT,256,2,0.09152753759110396,0.026194352842760543,-1,False,full,False,False,False,0.5631093978881836,0.5629510283470154,0.0415278784930706,,0.372488409280777,0.5604289770126343,0.4063926935195923,0.8394294381141663,0.3695652186870575,0.8270430564880371,83.0,3,full_power_set,7,standard_focal_sets__full
1l9hg4t3,run-20260404_185045-1l9hg4t3,chameleon,random_set,GAT,64,2,0.09609943024133172,0.029435107414098827,-1,False,full,False,False,False,0.566201388835907,0.5660219788551331,0.04747546836733818,,0.372488409280777,0.5639219880104065,0.4063926935195923,0.8389077186584473,0.3695652186870575,0.8220410346984863,53.0,3,full_power_set,7,standard_focal_sets__full
oaftd92g,run-20260404_185103-oaftd92g,chameleon,random_set,GAT,128,2,0.010119170712594676,0.04556514313874432,-1,False,full,False,False,False,0.5908540487289429,0.5905318856239319,0.08526988327503204,,0.372488409280777,0.5891314148902893,0.4063926935195923,0.840602457523346,0.3695652186870575,0.8248993754386902,64.0,3,full_power_set,7,standard_focal_sets__full
a9k3387m,run-20260404_185124-a9k3387m,chameleon,random_set,GAT,128,3,0.07149845996048926,0.006668353311077853,-1,False,full,False,False,False,0.20829199254512787,0.2082451432943344,0.020285123959183693,,0.8639876246452332,0.6193253397941589,0.5045661926269531,0.5050526261329651,0.5398550629615784,0.47791868448257446,87.0,3,full_power_set,7,standard_focal_sets__full
nvxpk5ul,run-20260404_185151-nvxpk5ul,chameleon,random_set,GAT,128,3,0.014066327055380362,0.015222832403622832,-1,False,full,False,False,False,0.5521901845932007,0.5521141290664673,0.016348883509635925,,0.372488409280777,0.5488079190254211,0.4063926935195923,0.8372562527656555,0.3695652186870575,0.8204710483551025,62.0,3,full_power_set,7,standard_focal_sets__full
xakhqhws,run-20260404_185207-xakhqhws,chameleon,random_set,GAT,128,3,0.04299775673634265,0.05961936216620924,-1,False,full,False,False,False,0.6193024516105652,0.6188488602638245,0.13440780341625214,,0.372488409280777,0.6182010173797607,0.4063926935195923,0.5,0.3695652186870575,0.5,55.0,3,full_power_set,7,standard_focal_sets__full
90rc6e99,run-20260404_185223-90rc6e99,chameleon,random_set,GAT,64,3,0.08483406436490024,0.04373190916670154,-1,False,full,False,False,False,0.5934894680976868,0.5931540131568909,0.09577155858278275,,0.372488409280777,0.5920870900154114,0.4063926935195923,0.5,0.3695652186870575,0.5,54.0,3,full_power_set,7,standard_focal_sets__full
e3hes1hn,run-20260404_185240-e3hes1hn,chameleon,random_set,GAT,256,2,0.02153624952370129,0.03712410701085596,-1,False,full,False,False,False,0.5792555809020996,0.578997015953064,0.07215936481952667,,0.372488409280777,0.5772364735603333,0.4063926935195923,0.8407554030418396,0.3695652186870575,0.8250704407691956,55.0,3,full_power_set,7,standard_focal_sets__full
dsst0hri,run-20260404_185306-dsst0hri,chameleon,random_set,GAT,256,2,0.09779851912659288,0.0941843477051526,-1,False,full,False,False,False,0.6363652348518372,0.6358448266983032,0.15442097187042236,,0.372488409280777,0.6359670162200928,0.4063926935195923,0.4354885518550873,0.3695652186870575,0.4384661912918091,52.0,3,full_power_set,7,standard_focal_sets__full
4rhg07xv,run-20260404_185323-4rhg07xv,chameleon,random_set,GAT,128,2,0.07814240507502951,0.002615106607593826,-1,False,full,False,False,False,0.2104487419128418,0.2104109674692154,0.02624897100031376,,0.8732612133026123,0.6778743267059326,0.48630136251449585,0.4320952594280243,0.5724637508392334,0.43105876445770264,65.0,3,full_power_set,7,standard_focal_sets__full
llq4qcdh,run-20260404_185340-llq4qcdh,chameleon,random_set,GAT,256,3,0.00844094047539221,0.017115871612191913,-1,False,full,False,False,False,0.5534655451774597,0.5533798336982727,0.0191708542406559,,0.372488409280777,0.5501558780670166,0.4063926935195923,0.8365304470062256,0.3695652186870575,0.8211051225662231,64.0,3,full_power_set,7,standard_focal_sets__full
nde96e0c,run-20260404_185411-nde96e0c,chameleon,random_set,GAT,256,2,0.09000273333922461,0.047390962460217456,-1,False,full,False,False,False,0.5987042188644409,0.5983436703681946,0.10700062662363052,,0.372488409280777,0.5971461534500122,0.4063926935195923,0.6541292071342468,0.3695652186870575,0.6524356007575989,72.0,3,full_power_set,7,standard_focal_sets__full
l4dqaq26,run-20260404_185433-l4dqaq26,chameleon,random_set,GAT,64,3,0.010984723723533967,0.02506282754969823,-1,False,full,False,False,False,0.5625078082084656,0.5623578429222107,0.03500453755259514,,0.372488409280777,0.5596939921379089,0.4063926935195923,0.8373463749885559,0.3695652186870575,0.8190418481826782,65.0,3,full_power_set,7,standard_focal_sets__full
11u7f40m,run-20260404_185449-11u7f40m,chameleon,random_set,GAT,256,2,0.04350546172449772,0.034403941037855774,-1,False,full,False,False,False,0.5772477984428406,0.5770007967948914,0.06871465593576431,,0.372488409280777,0.5748651623725891,0.4063926935195923,0.8405004143714905,0.3695652186870575,0.826600193977356,53.0,3,full_power_set,7,standard_focal_sets__full
27pyefmp,run-20260404_185515-27pyefmp,chameleon,random_set,GAT,256,2,0.03654022940167272,0.09223309603380546,-1,False,full,False,False,False,0.6367613077163696,0.6362375020980835,0.154985249042511,,0.372488409280777,0.6358805894851685,0.4063926935195923,0.5281504392623901,0.3695652186870575,0.5567632913589478,56.0,3,full_power_set,7,standard_focal_sets__full
d61c7um2,run-20260404_185542-d61c7um2,chameleon,random_set,GAT,64,2,0.08253276723953414,0.03453000297710879,-1,False,full,False,False,False,0.5752221941947937,0.5749874711036682,0.06479661166667938,,0.372488409280777,0.5732020735740662,0.4063926935195923,0.8349770307540894,0.3695652186870575,0.822966992855072,54.0,3,full_power_set,7,standard_focal_sets__full
ietk4g94,run-20260404_185554-ietk4g94,chameleon,random_set,GAT,64,2,0.02687695035375085,0.022097834946911032,-1,False,full,False,False,False,0.5578703880310059,0.5577451586723328,0.03211671859025955,,0.372488409280777,0.5550386905670166,0.4063926935195923,0.8397550582885742,0.3695652186870575,0.825805127620697,63.0,3,full_power_set,7,standard_focal_sets__full
5p1vvb1r,run-20260404_185610-5p1vvb1r,chameleon,random_set,GAT,256,2,0.05711426678101814,0.037744880179006464,-1,False,full,False,False,False,0.5828868746757507,0.5826078057289124,0.07935770601034164,,0.372488409280777,0.5808268785476685,0.4063926935195923,0.8276530504226685,0.3695652186870575,0.8219907283782959,58.0,3,full_power_set,7,standard_focal_sets__full
r00f7v1b,run-20260404_185636-r00f7v1b,chameleon,random_set,GAT,128,2,0.09053725137939592,0.03398551967486364,-1,False,full,False,False,False,0.5744854807853699,0.5742552876472473,0.06300090998411179,,0.372488409280777,0.5720880627632141,0.4063926935195923,0.8354986906051636,0.3695652186870575,0.8184480667114258,59.0,3,full_power_set,7,standard_focal_sets__full
1f046zzp,run-20260404_185653-1f046zzp,chameleon,random_set,GAT,256,3,0.021202567296887187,0.019428372520726055,-1,False,full,False,False,False,0.5578992366790771,0.5577815175056458,0.028097791597247124,,0.372488409280777,0.554921567440033,0.4063926935195923,0.8378093242645264,0.3695652186870575,0.8172202110290527,58.0,3,full_power_set,7,standard_focal_sets__full
xk5gk3fk,run-20260404_185715-xk5gk3fk,chameleon,random_set,GAT,256,3,0.08301261978351948,0.06391722757410079,-1,False,full,False,False,False,0.6198344826698303,0.6193788647651672,0.13484807312488556,,0.372488409280777,0.6186093688011169,0.4063926935195923,0.5,0.3695652186870575,0.5,52.0,3,full_power_set,7,standard_focal_sets__full
swe0vizk,run-20260404_185736-swe0vizk,chameleon,random_set,GAT,256,2,0.09997040712896409,0.08070703012954623,-1,False,full,False,False,False,0.6302531361579895,0.6297540664672852,0.14661653339862823,,0.372488409280777,0.6291199326515198,0.4063926935195923,0.7598503232002258,0.3695652186870575,0.7792874574661255,55.0,3,full_power_set,7,standard_focal_sets__full
8z940kbv,run-20260404_185802-8z940kbv,chameleon,random_set,GAT,256,3,0.008419694306192726,0.02302358519927069,-1,False,full,False,False,False,0.5603162050247192,0.5601810812950134,0.032347939908504486,,0.372488409280777,0.5574508905410767,0.4063926935195923,0.8385154008865356,0.3695652186870575,0.821880042552948,66.0,3,full_power_set,7,standard_focal_sets__full
frubojx2,run-20260404_185833-frubojx2,chameleon,random_set,GAT,64,2,0.03046238823163715,0.011766958656724296,-1,False,full,False,False,False,0.37709999084472656,0.3770172595977783,0.036545030772686005,,0.7063369154930115,0.513838529586792,0.4840182662010193,0.5376673340797424,0.5144927501678467,0.5396638512611389,64.0,3,full_power_set,7,standard_focal_sets__full
7fy4syxq,run-20260404_185855-7fy4syxq,chameleon,random_set,GAT,256,3,0.0441370424938408,0.016303996984723974,-1,False,full,False,False,False,0.5540367960929871,0.5539480447769165,0.020165657624602318,,0.372488409280777,0.5504069924354553,0.4063926935195923,0.8346121907234192,0.3695652186870575,0.8201489448547363,58.0,3,full_power_set,7,standard_focal_sets__full
sxzhs2nf,run-20260404_185918-sxzhs2nf,chameleon,random_set,GAT,64,2,0.050636835163890934,0.042440710962146765,-1,False,full,False,False,False,0.5920020937919617,0.5916741490364075,0.0949288010597229,,0.372488409280777,0.5902465581893921,0.4063926935195923,0.665191650390625,0.3695652186870575,0.6853865385055542,55.0,3,full_power_set,7,standard_focal_sets__full
8j6aflsb,run-20260404_185938-8j6aflsb,chameleon,random_set,GAT,128,2,0.004913267118706306,0.06997070610451046,-1,False,full,False,False,False,0.6358267068862915,0.6353003978729248,0.13961713016033173,,0.372488409280777,0.6347864866256714,0.4063926935195923,0.5,0.3695652186870575,0.5,78.0,3,full_power_set,7,standard_focal_sets__full
d70q4fpb,run-20260404_185955-d70q4fpb,chameleon,random_set,GAT,128,3,0.05720566745709387,0.0500270266226715,-1,False,full,False,False,False,0.6025403141975403,0.6021615862846375,0.11132985353469849,,0.372488409280777,0.6009879112243652,0.4063926935195923,0.4891611337661743,0.3695652186870575,0.489130437374115,54.0,3,full_power_set,7,standard_focal_sets__full
xgsaewwb,run-20260404_190012-xgsaewwb,chameleon,random_set,GAT,256,3,0.05974144649985772,0.06397847521953294,-1,False,full,False,False,False,0.6208652257919312,0.6204051375389099,0.13647237420082092,,0.372488409280777,0.6195891499519348,0.4063926935195923,0.5,0.3695652186870575,0.5,54.0,3,full_power_set,7,standard_focal_sets__full
ecynj2sr,run-20260404_190033-ecynj2sr,chameleon,random_set,GAT,128,2,0.05309304120333202,0.02121375045103406,-1,False,full,False,False,False,0.5571909546852112,0.5570701956748962,0.02990684285759926,,0.372488409280777,0.5541128516197205,0.4063926935195923,0.8388449549674988,0.3695652186870575,0.8277878165245056,57.0,3,full_power_set,7,standard_focal_sets__full
gbpshny9,run-20260404_190049-gbpshny9,chameleon,random_set,GAT,256,3,0.04110690988102405,0.012869033222603537,-1,False,full,False,False,False,0.5509127378463745,0.5508461594581604,0.014286493882536888,,0.372488409280777,0.5473076105117798,0.4063926935195923,0.8343218564987183,0.3695652186870575,0.8162137269973755,60.0,3,full_power_set,7,standard_focal_sets__full
l0rgasdm,run-20260404_190111-l0rgasdm,chameleon,random_set,GAT,128,2,0.09604033428626364,0.03411018798238378,-1,False,full,False,False,False,0.5741593837738037,0.5739310383796692,0.0616820827126503,,0.372488409280777,0.5715554356575012,0.4063926935195923,0.8425284624099731,0.3695652186870575,0.8260667324066162,55.0,3,full_power_set,7,standard_focal_sets__full
v7w28mva,run-20260404_190128-v7w28mva,chameleon,random_set,GAT,256,3,0.0003978161113609962,0.01856293640125077,-1,False,full,False,False,False,0.5546654462814331,0.5545657873153687,0.024655578657984734,,0.372488409280777,0.5514025092124939,0.4063926935195923,0.8384174108505249,0.3695652186870575,0.822161853313446,200.0,3,full_power_set,7,standard_focal_sets__full
awierw0i,run-20260404_190225-awierw0i,chameleon,random_set,GAT,128,2,0.02923251985517754,0.061080533413033745,-1,False,full,False,False,False,0.618751585483551,0.6183006167411804,0.1336384415626526,,0.372488409280777,0.617713212966919,0.4063926935195923,0.4988584518432617,0.3695652186870575,0.49818840622901917,57.0,3,full_power_set,7,standard_focal_sets__full
ni4ljdsd,run-20260404_190241-ni4ljdsd,chameleon,random_set,GAT,256,2,0.09739080680960042,0.02655579867782661,-1,False,full,False,False,False,0.562249481678009,0.5620961785316467,0.039118509739637375,,0.372488409280777,0.5597345232963562,0.4063926935195923,0.8410966396331787,0.3695652186870575,0.8264190554618835,74.0,3,full_power_set,7,standard_focal_sets__full
d9w3kyf5,run-20260404_190303-d9w3kyf5,chameleon,random_set,GAT,256,2,0.021467538142703708,0.013039492564586813,-1,False,full,False,False,False,0.3896576166152954,0.3895745873451233,0.033945292234420776,,0.6831530332565308,0.5101838707923889,0.48630136251449585,0.5280091762542725,0.510869562625885,0.5401670336723328,88.0,3,full_power_set,7,standard_focal_sets__full
q4brvjwo,run-20260404_190330-q4brvjwo,chameleon,random_set,GAT,256,2,0.09993943318668291,0.04322423099912955,-1,False,full,False,False,False,0.5916600227355957,0.5913346409797668,0.09420505911111832,,0.372488409280777,0.5902925729751587,0.4063926935195923,0.8408809304237366,0.3695652186870575,0.8253119587898254,82.0,3,full_power_set,7,standard_focal_sets__full
stnvwwml,run-20260404_190356-stnvwwml,chameleon,random_set,GAT,128,3,0.04209188657268028,0.07159267474710619,-1,False,full,False,False,False,0.6268422603607178,0.6263567805290222,0.1425316482782364,,0.372488409280777,0.6256841421127319,0.4063926935195923,0.4983052909374237,0.3695652186870575,0.5038647651672363,56.0,3,full_power_set,7,standard_focal_sets__full
s9b61ywm,run-20260404_190412-s9b61ywm,chameleon,random_set,GAT,256,3,0.07659259727742257,0.022572430296705973,-1,False,full,False,False,False,0.5568385720252991,0.5567247271537781,0.029959430918097496,,0.372488409280777,0.5536488890647888,0.4063926935195923,0.8339099884033203,0.3695652186870575,0.8233696222305298,66.0,3,full_power_set,7,standard_focal_sets__full
rhnk2as5,run-20260404_190439-rhnk2as5,chameleon,random_set,GAT,64,2,0.05958378236415285,0.027604359550584576,-1,False,full,False,False,False,0.5643554925918579,0.5641880631446838,0.044637780636548996,,0.372488409280777,0.5614655613899231,0.4063926935195923,0.8408220410346985,0.3695652186870575,0.8260165452957153,59.0,3,full_power_set,7,standard_focal_sets__full
o1lpbc0y,run-20260404_190500-o1lpbc0y,chameleon,random_set,GAT,256,3,0.02559562700887604,0.01896424631983576,-1,False,full,False,False,False,0.5573222637176514,0.557209312915802,0.026247356086969376,,0.372488409280777,0.5543351173400879,0.4063926935195923,0.82732754945755,0.3695652186870575,0.8180254101753235,58.0,3,full_power_set,7,standard_focal_sets__full
rqp4sgxq,run-20260404_190522-rqp4sgxq,chameleon,random_set,GAT,256,2,0.004147274778481726,0.015191950656953373,-1,False,full,False,False,False,0.5508500337600708,0.5507668852806091,0.02122521959245205,,0.372488409280777,0.547514021396637,0.4063926935195923,0.8354320526123047,0.3695652186870575,0.823097825050354,73.0,3,full_power_set,7,standard_focal_sets__full
v1v0f0k2,run-20260404_190544-v1v0f0k2,chameleon,random_set,GAT,256,3,0.06987149270003346,0.029675471238766658,-1,False,full,False,False,False,0.5700308680534363,0.5698287487030029,0.054145555943250656,,0.372488409280777,0.567582368850708,0.4063926935195923,0.7189897894859314,0.3695652186870575,0.7116445302963257,67.0,3,full_power_set,7,standard_focal_sets__full
0pjxaa5a,run-20260404_190610-0pjxaa5a,chameleon,random_set,GAT,64,3,0.0339235693332139,0.09527029688699289,-1,False,full,False,False,False,0.6359997987747192,0.6354795694351196,0.15591022372245789,,0.372488409280777,0.6351324915885925,0.4063926935195923,0.5,0.3695652186870575,0.5,87.0,3,full_power_set,7,standard_focal_sets__full
gzr6vm2o,run-20260404_190636-gzr6vm2o,chameleon,random_set,GAT,128,3,0.09890936142933128,0.03154661253718284,-1,False,full,False,False,False,0.5747652649879456,0.5745331048965454,0.06457338482141495,,0.372488409280777,0.5726092457771301,0.4063926935195923,0.3647828996181488,0.3695652186870575,0.35092592239379883,62.0,3,full_power_set,7,standard_focal_sets__full
5eafq04x,run-20260404_190653-5eafq04x,chameleon,random_set,GAT,128,2,0.02195712510179621,0.02921267361270362,-1,False,full,False,False,False,0.5658150911331177,0.5656388401985168,0.045824117958545685,,0.372488409280777,0.5633009672164917,0.4063926935195923,0.8388606905937195,0.3695652186870575,0.825946033000946,56.0,3,full_power_set,7,standard_focal_sets__full
ovxt64nw,run-20260404_190710-ovxt64nw,chameleon,random_set,GAT,128,2,0.051246732263894854,0.02929914243720579,-1,False,full,False,False,False,0.5673900246620178,0.5672032833099365,0.049566298723220825,,0.372488409280777,0.5648650527000427,0.4063926935195923,0.8397747278213501,0.3695652186870575,0.8247987031936646,53.0,3,full_power_set,7,standard_focal_sets__full
wc7ev2vj,run-20260404_190726-wc7ev2vj,chameleon,random_set,GAT,256,2,0.07423347114597999,0.02111993641612211,-1,False,full,False,False,False,0.5570012331008911,0.5568808913230896,0.030443571507930756,,0.372488409280777,0.5541040301322937,0.4063926935195923,0.8385310769081116,0.3695652186870575,0.8259561061859131,82.0,3,full_power_set,7,standard_focal_sets__full
663tn5qg,run-20260404_190757-663tn5qg,chameleon,random_set,GAT,256,3,0.019812185234978807,0.029464951973693004,-1,False,full,False,False,False,0.5703487396240234,0.5701444745063782,0.053557801991701126,,0.372488409280777,0.5677363276481628,0.4063926935195923,0.7528126835823059,0.3695652186870575,0.7329408526420593,56.0,3,full_power_set,7,standard_focal_sets__full
3h9mvbnp,run-20260404_190819-3h9mvbnp,chameleon,random_set,GAT,64,2,0.0691917631890914,0.020005863246687603,-1,False,full,False,False,False,0.5559633374214172,0.5558513402938843,0.02702358178794384,,0.372488409280777,0.5527801513671875,0.4063926935195923,0.8384957909584045,0.3695652186870575,0.8258152008056641,57.0,3,full_power_set,7,standard_focal_sets__full
nn0grrgt,run-20260404_190841-nn0grrgt,chameleon,random_set,GAT,256,3,0.033574997399019424,0.02545253294479075,-1,False,full,False,False,False,0.565316915512085,0.5651456117630005,0.044804953038692474,,0.372488409280777,0.5627076029777527,0.4063926935195923,0.7971253395080566,0.3695652186870575,0.7558775544166565,56.0,3,full_power_set,7,standard_focal_sets__full
dlsux6yq,run-20260404_190903-dlsux6yq,chameleon,random_set,GAT,256,3,0.00853076355548216,0.01858594028047224,-1,False,full,False,False,False,0.555300235748291,0.5552020072937012,0.02199253998696804,,0.372488409280777,0.5521790981292725,0.4063926935195923,0.8375111222267151,0.3695652186870575,0.8218398094177246,65.0,3,full_power_set,7,standard_focal_sets__full
j2g9qub2,run-20260404_190934-j2g9qub2,chameleon,random_set,GAT,256,2,0.001701491238317251,0.07912230393664926,-1,False,full,False,False,False,0.6516132354736328,0.6510301232337952,0.15706361830234528,,0.372488409280777,0.6512734889984131,0.4063926935195923,0.517123281955719,0.3695652186870575,0.5090579986572266,103.0,3,full_power_set,7,standard_focal_sets__full
m28q7q3c,run-20260404_191002-m28q7q3c,chameleon,random_set,GAT,256,2,0.06752981177854475,0.0254899838936358,-1,False,full,False,False,False,0.5614436864852905,0.5612947940826416,0.03941526636481285,,0.372488409280777,0.5586696267127991,0.4063926935195923,0.840237557888031,0.3695652186870575,0.8249295949935913,67.0,3,full_power_set,7,standard_focal_sets__full
bm63mvpw,run-20260404_191043-bm63mvpw,chameleon,random_set,GAT,64,2,0.0014934561958514529,0.02948454356850043,-1,False,full,False,False,False,0.5644498467445374,0.564282238483429,0.04336889833211899,,0.372488409280777,0.5618289709091187,0.4063926935195923,0.8399355411529541,0.3695652186870575,0.8265197277069092,200.0,3,full_power_set,7,standard_focal_sets__full
cbe3fhpe,run-20260404_191110-cbe3fhpe,chameleon,random_set,GAT,256,2,0.016599958588110593,0.034507745868146804,-1,False,full,False,False,False,0.5733203887939453,0.573097288608551,0.05916016176342964,,0.372488409280777,0.5708988308906555,0.4063926935195923,0.8396255970001221,0.3695652186870575,0.8265398740768433,56.0,3,full_power_set,7,standard_focal_sets__full
ed3xptv2,run-20260404_191136-ed3xptv2,chameleon,random_set,GAT,128,3,0.07181428917035872,0.040036391001166294,-1,False,full,False,False,False,0.5887026190757751,0.5883921980857849,0.08934224396944046,,0.372488409280777,0.5866916179656982,0.4063926935195923,0.5012003779411316,0.3695652186870575,0.48768115043640137,53.0,3,full_power_set,7,standard_focal_sets__full
mmft0d4q,run-20260404_191153-mmft0d4q,chameleon,random_set,GAT,128,2,0.05345666077194249,0.025536919406153265,-1,False,full,False,False,False,0.5621644854545593,0.5620129108428955,0.03844622150063515,,0.372488409280777,0.5593668818473816,0.4063926935195923,0.8395000100135803,0.3695652186870575,0.8263687491416931,56.0,3,full_power_set,7,standard_focal_sets__full
x2y57hbg,run-20260404_191209-x2y57hbg,chameleon,random_set,GAT,256,3,0.014845145528018518,0.024998114596183847,-1,False,full,False,False,False,0.5640407800674438,0.5638791918754578,0.03993301838636398,,0.372488409280777,0.5612701177597046,0.4063926935195923,0.7784996628761292,0.3695652186870575,0.7775764465332031,62.0,3,full_power_set,7,standard_focal_sets__full
lzw9iyt9,run-20260404_191231-lzw9iyt9,chameleon,random_set,GAT,64,2,0.07624556437922655,0.031720945525585034,-1,False,full,False,False,False,0.569896936416626,0.5696945190429688,0.05515509098768234,,0.372488409280777,0.5679386854171753,0.4063926935195923,0.8415713310241699,0.3695652186870575,0.826338529586792,54.0,3,full_power_set,7,standard_focal_sets__full
gc0axnnb,run-20260404_191251-gc0axnnb,chameleon,random_set,GAT,256,3,0.05636915875080187,0.020352646439174296,-1,False,full,False,False,False,0.5568272471427917,0.5567165017127991,0.026387764140963554,,0.372488409280777,0.5536930561065674,0.4063926935195923,0.8387351036071777,0.3695652186870575,0.8273047804832458,55.0,3,full_power_set,7,standard_focal_sets__full
g5p3ncur,run-20260404_191314-g5p3ncur,chameleon,random_set,GAT,64,2,0.018952537166634087,0.009795545565336633,-1,False,full,False,False,False,0.2498742938041687,0.24981890618801117,0.023942532017827034,,0.854714035987854,0.49376553297042847,0.5593607425689697,0.4680286645889282,0.5869565010070801,0.48457127809524536,63.0,3,full_power_set,7,standard_focal_sets__full
2krslgyf,run-20260404_191330-2krslgyf,chameleon,random_set,GAT,256,2,0.06232209533877138,0.04250839242868024,-1,False,full,False,False,False,0.5915853381156921,0.5912604331970215,0.09532713145017624,,0.372488409280777,0.5896438360214233,0.4063926935195923,0.7482229471206665,0.3695652186870575,0.7573167681694031,59.0,3,full_power_set,7,standard_focal_sets__full
qzt8933n,run-20260404_191352-qzt8933n,chameleon,random_set,GAT,256,2,0.051361080806360385,0.026127452898116653,-1,False,full,False,False,False,0.5624198317527771,0.5622665286064148,0.03816333785653114,,0.372488409280777,0.5591866374015808,0.4063926935195923,0.840512216091156,0.3695652186870575,0.8272141218185425,62.0,3,full_power_set,7,standard_focal_sets__full
9fnat5qu,run-20260404_191413-9fnat5qu,chameleon,random_set,GAT,256,3,0.08870946153791671,0.03774866520278644,-1,False,full,False,False,False,0.5833192467689514,0.583037793636322,0.07974942028522491,,0.372488409280777,0.5812969207763672,0.4063926935195923,0.5243256688117981,0.3695652186870575,0.5135265588760376,81.0,3,full_power_set,7,standard_focal_sets__full
u4f195ix,run-20260404_191439-u4f195ix,chameleon,random_set,GAT,128,3,0.046965665800623835,0.0927548933950883,-1,False,full,False,False,False,0.6343555450439453,0.6338415145874023,0.1545485109090805,,0.372488409280777,0.6334267258644104,0.4063926935195923,0.5,0.3695652186870575,0.5,66.0,3,full_power_set,7,standard_focal_sets__full
3g7g1bts,run-20260404_191505-3g7g1bts,chameleon,random_set,GAT,128,2,0.08081882443762019,0.02038744508949283,-1,False,full,False,False,False,0.5558723211288452,0.5557567477226257,0.03026857227087021,,0.372488409280777,0.5529618263244629,0.4063926935195923,0.8400570154190063,0.3695652186870575,0.8281903862953186,56.0,3,full_power_set,7,standard_focal_sets__full
ah9ts2v9,run-20260404_192847-ah9ts2v9,arxiv,random_set,GAT,64,2,0.03520756182915945,0.0599362935595014,256,False,full,False,False,False,0.5566399693489075,0.5564422011375427,0.05128104239702225,,0.48275861144065857,0.5607092976570129,0.4245055913925171,0.5410841703414917,0.4153125286102295,0.5437840819358826,108.0,3,full_power_set,7,standard_focal_sets__full
76igddor,run-20260404_194128-76igddor,arxiv,random_set,GAT,128,3,0.08406975291706585,0.009714014457299604,256,False,full,False,False,False,0.5598790645599365,0.5598257184028625,0.02487076260149479,,0.29729729890823364,0.5426095128059387,0.4204207956790924,0.5609266757965088,0.41700682044029236,0.5617851614952087,124.0,3,full_power_set,7,standard_focal_sets__full
34qnnlh9,run-20260404_200805-34qnnlh9,arxiv,random_set,GAT,256,3,0.04102311230467027,0.07106611440772535,256,False,full,False,False,False,0.6233144998550415,0.6228353381156921,0.14240209758281708,,0.40310078859329224,0.6225870847702026,0.4182296395301819,0.5,0.41818416118621826,0.5,110.0,3,full_power_set,7,standard_focal_sets__full
13dp7v84,run-20260404_204649-13dp7v84,arxiv,random_set,GAT,64,3,0.015209773385903208,0.08778625043487132,256,False,full,False,False,False,0.6246908903121948,0.6241804957389832,0.15257272124290466,,0.6086956262588501,0.6305692791938782,0.42145100235939026,0.5,0.41716840863227844,0.5,84.0,3,full_power_set,7,standard_focal_sets__full
cbg6ba6k,run-20260404_210101-cbg6ba6k,arxiv,random_set,GAT,64,2,0.010905621409778837,0.0409991691823527,256,False,full,False,False,False,0.5583337545394897,0.5581949353218079,0.03762022405862808,,0.41111111640930176,0.5546388626098633,0.4162728786468506,0.5382333397865295,0.41672778129577637,0.5427762269973755,77.0,3,full_power_set,7,standard_focal_sets__full
5cta82qd,run-20260404_211004-5cta82qd,arxiv,random_set,GAT,128,3,0.09588202070897034,0.03463364737163729,256,False,full,False,False,False,0.5587422847747803,0.5586095452308655,0.03767713904380798,,0.375,0.554421067237854,0.41401737928390503,0.5531821846961975,0.41702455282211304,0.5566735863685608,156.0,3,full_power_set,7,standard_focal_sets__full
gzqw1p3r,run-20260404_214359-gzqw1p3r,arxiv,random_set,GAT,128,2,0.08893923228057576,0.01656906001822709,256,False,full,False,False,False,0.537484884262085,0.537432074546814,0.01527260709553957,,0.4457831382751465,0.5436941385269165,0.42142120003700256,0.5133457183837891,0.4150652587413788,0.5209842920303345,139.0,3,full_power_set,7,standard_focal_sets__full
sxeota4n,run-20260404_220254-sxeota4n,arxiv,random_set,GAT,256,3,0.09998643650905358,0.0029303278096525372,256,False,full,False,False,False,6.145381927490234,6.145096302032471,0.2857142984867096,,0.17777778208255768,6.114480495452881,0.32842546701431274,0.5,0.3234381675720215,0.5,74.0,3,full_power_set,7,standard_focal_sets__full
sgj7od4y,run-20260404_222922-sgj7od4y,arxiv,random_set,GAT,256,3,0.005172455256900446,0.032255658733581445,256,False,full,False,False,False,0.5495188236236572,0.5494256615638733,0.020192991942167282,,0.4615384638309479,0.5491495132446289,0.41813796758651733,0.5420386791229248,0.4229927361011505,0.5419830679893494,103.0,3,full_power_set,7,standard_focal_sets__full
baco6b3c,run-20260404_230619-baco6b3c,arxiv,random_set,GAT,256,3,0.09186441911307835,0.05536053227044797,256,False,full,False,False,False,0.6086446046829224,0.6082321405410767,0.12198568135499954,,0.40265485644340515,0.6055005192756653,0.41703590750694275,0.5,0.4160311818122864,0.5,61.0,3,full_power_set,7,standard_focal_sets__full
vt58fvz1,run-20260404_232909-vt58fvz1,arxiv,random_set,GAT,128,2,0.013780565709506485,0.03851965045759078,256,False,full,False,False,False,0.5541428923606873,0.5540065169334412,0.03735588863492012,,0.43820226192474365,0.5543467402458191,0.4158102571964264,0.5484064817428589,0.41912737488746643,0.5469869375228882,51.0,3,full_power_set,7,standard_focal_sets__full
1unyflo9,run-20260404_233626-1unyflo9,arxiv,random_set,GAT,128,2,0.03596725515337491,0.02318526277315339,256,False,full,False,False,False,0.5527130365371704,0.5526455044746399,0.017584245651960373,,0.38596490025520325,0.5451240539550781,0.42116379737854004,0.5563890337944031,0.41435563564300537,0.5636434555053711,200.0,3,full_power_set,7,standard_focal_sets__full
37m40z1x,run-20260405_000439-37m40z1x,arxiv,random_set,GAT,128,2,0.021517713323722355,0.007843014181963976,256,False,full,False,False,False,0.5389209985733032,0.5388979315757751,0.006640658248215914,,0.3907284736633301,0.5391348600387573,0.42214563488960266,0.4980502128601074,0.41315221786499023,0.49383020401000977,146.0,3,full_power_set,7,standard_focal_sets__full
fq05nc32,run-20260405_002514-fq05nc32,arxiv,random_set,GAT,64,2,0.07821285246696563,0.05884192498620108,256,False,full,False,False,False,0.5693241357803345,0.5691261291503906,0.050272367894649506,,0.3813559412956238,0.5650765299797058,0.42041730880737305,0.5288428068161011,0.4138227701187134,0.5337979197502136,143.0,3,full_power_set,7,standard_focal_sets__full
y6rfuqb5,run-20260405_004253-y6rfuqb5,arxiv,random_set,GAT,128,3,0.04950520625987235,0.03459523937312541,256,False,full,False,False,False,0.555006206035614,0.5548676252365112,0.0416940338909626,,0.4308300316333771,0.5549523234367371,0.4250870943069458,0.5462851524353027,0.4184150695800781,0.5464153289794922,53.0,3,full_power_set,7,standard_focal_sets__full
zyft9j6i,run-20260405_005518-zyft9j6i,arxiv,random_set,GAT,64,2,0.0785411920863509,0.07286146975632204,256,False,full,False,False,False,0.5887404680252075,0.5884231925010681,0.09719883650541306,,0.4117647111415863,0.5862426161766052,0.323878675699234,0.5243195295333862,0.3228458762168884,0.5272587537765503,68.0,3,full_power_set,7,standard_focal_sets__full
302sn8b6,run-20260405_010345-302sn8b6,arxiv,random_set,GAT,128,3,0.05093750990459378,0.07778328593066529,256,False,full,False,False,False,0.6618660092353821,0.6613718271255493,0.1484048068523407,,0.0,0.6279779672622681,0.4210934340953827,0.5,0.4174986183643341,0.5,106.0,3,full_power_set,7,standard_focal_sets__full
le2xalce,run-20260405_012756-le2xalce,arxiv,random_set,GAT,256,3,0.04835487822948317,0.09632172282619808,256,False,full,False,False,False,0.63199383020401,0.6314710974693298,0.15569162368774414,,0.4759615361690521,0.633452832698822,0.4236140847206116,0.49994972348213196,0.4123059809207916,0.5000420808792114,73.0,3,full_power_set,7,standard_focal_sets__full
seraoqyg,run-20260405_015507-seraoqyg,arxiv,random_set,GAT,256,2,0.03219119531913023,0.047646940416018906,256,False,full,False,False,False,0.5602205395698547,0.5600970983505249,0.027026766911149025,,0.35555556416511536,0.5593953728675842,0.41683831810951233,0.5520409941673279,0.4208662509918213,0.5547394156455994,180.0,3,full_power_set,7,standard_focal_sets__full
lp7zud80,run-20260405_022902-lp7zud80,arxiv,random_set,GAT,128,2,0.05369536926011308,0.03564198905608084,256,False,full,False,False,False,0.5591390132904053,0.5590223670005798,0.03134060278534889,,0.4270833432674408,0.5554043054580688,0.4121352434158325,0.526314377784729,0.4230037331581116,0.5348998308181763,62.0,3,full_power_set,7,standard_focal_sets__full
ckf7gafo,run-20260405_023754-ckf7gafo,arxiv,random_set,GAT,64,2,0.001923110314728395,0.08678593535156781,256,False,full,False,False,False,0.6454564332962036,0.6449478268623352,0.15191593766212463,,0.20000000298023224,0.6301745772361755,0.41742271184921265,0.5,0.4134999215602875,0.5,51.0,3,full_power_set,7,standard_focal_sets__full
27gqriy5,run-20260405_024422-27gqriy5,arxiv,random_set,GAT,256,2,0.013057332507987853,0.0861666770608802,256,False,full,False,False,False,0.6313506960868835,0.6308430433273315,0.15167440474033356,,0.3684210479259491,0.6300509572029114,0.4208710789680481,0.5,0.4198831021785736,0.5,73.0,3,full_power_set,7,standard_focal_sets__full
q5su5rzl,run-20260405_025819-q5su5rzl,arxiv,random_set,GAT,256,2,0.013495328933696876,0.009861842950120369,256,False,full,False,False,False,0.5425140261650085,0.5424859523773193,0.008267040364444256,,0.38513514399528503,0.5404618382453918,0.41752997040748596,0.5387455224990845,0.4189714789390564,0.5412313938140869,65.0,3,full_power_set,7,standard_focal_sets__full
ax83y4ol,run-20260405_031100-ax83y4ol,arxiv,random_set,GAT,128,3,0.0641929990617709,0.03385512015641977,256,False,full,False,False,False,0.5545555353164673,0.5544571280479431,0.01914999634027481,,0.3888888955116272,0.5502538084983826,0.41812726855278015,0.560543417930603,0.41583260893821716,0.5647493600845337,61.0,3,full_power_set,7,standard_focal_sets__full
fpfup5dh,run-20260405_032518-fpfup5dh,arxiv,random_set,GAT,256,3,0.03708734816398088,0.025031158358979,256,False,full,False,False,False,0.5764744877815247,0.5763593316078186,0.03972742334008217,,0.23076923191547394,0.5556848645210266,0.4133758246898651,0.5444831252098083,0.42057156562805176,0.5427901148796082,64.0,3,full_power_set,7,standard_focal_sets__full
kn1kihtt,run-20260405_034934-kn1kihtt,arxiv,random_set,GAT,128,3,0.09676985529551554,0.041554179540030066,256,False,full,False,False,False,0.5880420804023743,0.5877240300178528,0.09364782273769379,,0.4054054021835327,0.5855817198753357,0.4151540994644165,0.5,0.41793760657310486,0.5,64.0,3,full_power_set,7,standard_focal_sets__full
f06s740a,run-20260405_040416-f06s740a,arxiv,random_set,GAT,128,2,0.01610962305939831,0.017606412614092695,256,False,full,False,False,False,0.5354539752006531,0.5354124307632446,0.007757931482046843,,0.4482758641242981,0.5426904559135437,0.41696813702583313,0.5313581228256226,0.41994398832321167,0.5277240872383118,77.0,3,full_power_set,7,standard_focal_sets__full
b0w0aams,run-20260405_041534-b0w0aams,arxiv,random_set,GAT,256,2,0.08129318323111472,0.07040314867821293,256,False,full,False,False,False,0.5773095488548279,0.5770319104194641,0.08145236223936081,,0.41489362716674805,0.5767151117324829,0.4155782461166382,0.548639714717865,0.41890960931777954,0.5543333292007446,200.0,3,full_power_set,7,standard_focal_sets__full
5o6uo9n4,run-20260405_045435-5o6uo9n4,arxiv,random_set,GAT,128,3,0.003222363596810648,0.0882866262103987,256,False,full,False,False,False,0.6329479813575745,0.6324368119239807,0.1526944637298584,,0.4059829115867615,0.6307572722434998,0.42352235317230225,0.5,0.4218152165412903,0.5,84.0,3,full_power_set,7,standard_focal_sets__full
408pw990,run-20260405_051421-408pw990,arxiv,random_set,GAT,256,3,0.07756392274431687,0.002578119809920403,256,False,full,False,False,False,5.270542621612549,5.270399570465088,0.1428571343421936,,0.3465346395969391,5.3623433113098145,0.32649117708206177,0.5,0.3224351704120636,0.5,51.0,3,full_power_set,7,standard_focal_sets__full
p3bs2o8p,run-20260405_053354-p3bs2o8p,arxiv,random_set,GAT,64,3,0.00390592350075096,0.05409846053473998,256,False,full,False,False,False,0.5997328758239746,0.5993253588676453,0.12027177959680557,,0.4285714328289032,0.6047564744949341,0.4209173917770386,0.5,0.4188804626464844,0.5,51.0,3,full_power_set,7,standard_focal_sets__full
pfla8ct1,run-20260405_054323-pfla8ct1,arxiv,random_set,GAT,128,2,0.09951515985752844,0.04277562692319277,256,False,full,False,False,False,0.5506182312965393,0.5504763126373291,0.035338144749403,,0.4467005133628845,0.5573327541351318,0.41175204515457153,0.5499111413955688,0.42359459400177,0.5461506843566895,116.0,3,full_power_set,7,standard_focal_sets__full
9vfyzqfj,run-20260405_060026-9vfyzqfj,arxiv,random_set,GAT,64,3,0.04814961801183096,0.07252495219802416,256,False,full,False,False,False,0.6145284175872803,0.6140474081039429,0.14290091395378113,,0.5833333134651184,0.6219196319580078,0.4164506793022156,0.5,0.4185837209224701,0.5,66.0,3,full_power_set,7,standard_focal_sets__full
tlgiztzk,run-20260405_061239-tlgiztzk,arxiv,random_set,GAT,256,3,0.09948648576148728,0.010096424063305236,256,False,full,False,False,False,0.5514677166938782,0.5514339804649353,0.010533200576901436,,0.3617021143436432,0.5424322485923767,0.41553574800491333,0.5789660215377808,0.4200700521469116,0.5845133066177368,73.0,3,full_power_set,7,standard_focal_sets__full
tuhfklb3,run-20260405_064033-tuhfklb3,arxiv,random_set,GAT,64,2,0.07795998095965094,0.04452411716943675,256,False,full,False,False,False,0.5699057579040527,0.5696994662284851,0.06662389636039734,,0.3365384638309479,0.5665815472602844,0.417818546295166,0.5487216114997864,0.42072856426239014,0.5490236878395081,52.0,3,full_power_set,7,standard_focal_sets__full
crib6wae,run-20260405_064717-crib6wae,arxiv,random_set,GAT,128,3,0.07513742798244533,0.012203157718667442,256,False,full,False,False,False,0.5294075012207031,0.5293697118759155,0.008768845349550247,,0.4647887349128723,0.5404562950134277,0.41997671127319336,0.439291775226593,0.41317135095596313,0.4399771988391876,54.0,3,full_power_set,7,standard_focal_sets__full
30keuvvp,run-20260405_070003-30keuvvp,arxiv,random_set,GAT,128,2,0.05714503825849063,0.016960955631827,256,False,full,False,False,False,0.5309243202209473,0.5308822989463806,0.008499638177454472,,0.48695650696754456,0.5442630052566528,0.41613516211509705,0.5595353841781616,0.4201532304286957,0.562609851360321,154.0,3,full_power_set,7,standard_focal_sets__full
eyzdoazb,run-20260405_072222-eyzdoazb,arxiv,random_set,GAT,64,2,0.08633178454035412,0.006361924979742002,256,False,full,False,False,False,0.5421075224876404,0.5420829653739929,0.008202253840863705,,0.3786407709121704,0.5402758717536926,0.41767585277557373,0.5615999698638916,0.4158696234226227,0.571422278881073,65.0,3,full_power_set,7,standard_focal_sets__full
g2jyfc1t,run-20260405_073044-g2jyfc1t,arxiv,random_set,GAT,256,3,0.01722723387108949,0.08107495550982001,256,False,full,False,False,False,0.6293823719024658,0.6288838982582092,0.1487836241722107,,0.3636363744735718,0.6275502443313599,0.4123438596725464,0.5,0.42351627349853516,0.5,66.0,3,full_power_set,7,standard_focal_sets__full
wngzskk3,run-20260405_075552-wngzskk3,arxiv,random_set,GAT,256,2,0.05778097219263123,0.09191750783158505,256,False,full,False,False,False,0.631465494632721,0.6309487223625183,0.15451717376708984,,0.4406779706478119,0.6330157518386841,0.4148945212364197,0.5,0.4173429012298584,0.5,57.0,3,full_power_set,7,standard_focal_sets__full
w25o17m2,run-20260405_080709-w25o17m2,arxiv,random_set,GAT,64,2,0.09153168503234552,0.049935607976099486,256,False,full,False,False,False,7.117932319641113,7.117361068725586,0.5713494420051575,,0.3723404109477997,6.072325229644775,0.32632848620414734,0.5002209544181824,0.32548290491104126,0.5044386386871338,84.0,3,full_power_set,7,standard_focal_sets__full
rudk6vqv,run-20260405_081752-rudk6vqv,arxiv,random_set,GAT,128,3,0.0824374482958905,0.02610860128276318,256,False,full,False,False,False,0.5509781837463379,0.5508951544761658,0.01818213425576687,,0.4018264710903168,0.5480122566223145,0.41889724135398865,0.537815511226654,0.41879644989967346,0.5335017442703247,60.0,3,full_power_set,7,standard_focal_sets__full
zunlmxq3,run-20260405_083207-zunlmxq3,arxiv,random_set,GAT,128,2,0.002461830622880361,0.05803341439558112,256,False,full,False,False,False,0.5575535893440247,0.5573627948760986,0.05082104355096817,,0.4652777910232544,0.5623321533203125,0.4184691905975342,0.551080584526062,0.4198404550552368,0.5513666272163391,82.0,3,full_power_set,7,standard_focal_sets__full
mccszbd0,run-20260405_084401-mccszbd0,arxiv,random_set,GAT,256,2,0.0314442383761082,0.06911854740218376,256,False,full,False,False,False,0.5868701338768005,0.586643397808075,0.060977157205343246,,0.25,0.5781726241111755,0.42473304271698,0.5182749629020691,0.41542619466781616,0.5201238989830017,92.0,3,full_power_set,7,standard_focal_sets__full
esbtd9r0,run-20260405_090156-esbtd9r0,arxiv,random_set,GAT,128,3,0.017926300918582577,0.012297397522654132,256,False,full,False,False,False,0.5977696776390076,0.5977384448051453,0.0060823336243629456,,0.10526315867900848,0.5440566539764404,0.42110732197761536,0.557770311832428,0.4221368134021759,0.5513808131217957,88.0,3,full_power_set,7,standard_focal_sets__full
im6okvp3,run-20260405_092247-im6okvp3,arxiv,random_set,GAT,64,3,0.08669408400281654,0.006513091808416099,256,False,full,False,False,False,0.5327568650245667,0.5327361822128296,0.007942656986415386,,0.46464645862579346,0.5400786995887756,0.4202861189842224,0.46637725830078125,0.4189468324184418,0.47036269307136536,94.0,3,full_power_set,7,standard_focal_sets__full
sqtb50yy,run-20260405_094002-sqtb50yy,arxiv,random_set,GAT,128,3,0.04702703499328144,0.04948521380292882,256,False,full,False,False,False,0.5951334238052368,0.5947645306587219,0.10818109661340714,,0.4117647111415863,0.5953031778335571,0.4193437695503235,0.49586471915245056,0.4210049510002136,0.49846696853637695,83.0,3,full_power_set,7,standard_focal_sets__full
2bl3ab2a,run-20260405_095936-2bl3ab2a,arxiv,random_set,GAT,64,2,0.08505000842757751,0.044799955422281226,256,False,full,False,False,False,0.5314944982528687,0.531352698802948,0.033706843852996826,,0.6000000238418579,0.553007185459137,0.42054829001426697,0.4874860942363739,0.4191843271255493,0.4958268404006958,88.0,3,full_power_set,7,standard_focal_sets__full
ow3dfxhn,run-20260405_101054-ow3dfxhn,arxiv,random_set,GAT,256,3,0.07852383624284644,0.0498109369470405,256,False,full,False,False,False,0.5643144845962524,0.5641332268714905,0.045982882380485535,,0.37931033968925476,0.5622423887252808,0.4179569184780121,0.5311908721923828,0.4207952618598938,0.535355806350708,56.0,3,full_power_set,7,standard_focal_sets__full
sdekmc72,run-20260405_103211-sdekmc72,arxiv,random_set,GAT,256,2,0.0827554394421885,0.061209635839001394,256,False,full,False,False,False,0.567672848701477,0.5674721598625183,0.05058632418513298,,0.4545454680919647,0.5674178004264832,0.41623204946517944,0.5292965173721313,0.41756686568260193,0.5315253734588623,83.0,3,full_power_set,7,standard_focal_sets__full
hoziuaqy,run-20260405_104824-hoziuaqy,arxiv,random_set,GAT,256,3,0.059463137044446904,0.07430155748032226,256,False,full,False,False,False,5.7094011306762695,5.7094011306762695,4.8345505376801157e-08,,0.3767123222351074,5.347320079803467,0.4162401556968689,0.5,0.42364171147346497,0.5,113.0,3,full_power_set,7,standard_focal_sets__full
xwny0cqb,run-20260405_113158-xwny0cqb,arxiv,random_set,GAT,128,3,0.07576147027179989,0.07572536625905754,256,False,full,False,False,False,0.6157695055007935,0.6152796149253845,0.14692316949367523,,0.5,0.623443603515625,0.4199879765510559,0.5,0.420704185962677,0.5,65.0,3,full_power_set,7,standard_focal_sets__full
g9xae6d4,run-20260405_114726-g9xae6d4,arxiv,random_set,GAT,64,3,0.05906124539235234,0.006624016478033662,256,False,full,False,False,False,0.5508016347885132,0.5507778525352478,0.011732111684978008,,0.3486842215061188,0.5411019325256348,0.4158071279525757,0.4904007911682129,0.42168518900871277,0.4842846095561981,105.0,3,full_power_set,7,standard_focal_sets__full
9rd7xyqd,run-20260405_120633-9rd7xyqd,arxiv,random_set,GAT,128,2,0.02519341007048572,0.026956022005166468,256,False,full,False,False,False,0.5539119839668274,0.5538367629051208,0.01658472791314125,,0.4202898442745209,0.5479224920272827,0.41423654556274414,0.5584415793418884,0.4227789342403412,0.5572454929351807,135.0,3,full_power_set,7,standard_focal_sets__full
cd5kvmld,run-20260405_122623-cd5kvmld,arxiv,random_set,GAT,256,3,0.006751408522243145,0.002690896512671858,256,False,full,False,False,False,0.5431578159332275,0.5431466698646545,0.005090740043669939,,0.39453125,0.5385621190071106,0.4162759780883789,0.5738769769668579,0.42245301604270935,0.5687052011489868,91.0,3,full_power_set,7,standard_focal_sets__full
g69j3c06,run-20260405_130041-g69j3c06,arxiv,random_set,GAT,128,2,0.08490655866544564,0.07009011207402376,256,False,full,False,False,False,0.5684916973114014,0.5682358741760254,0.07360707223415375,,0.4529148042201996,0.5709885358810425,0.4176419973373413,0.535693347454071,0.417323499917984,0.5356711149215698,97.0,3,full_power_set,7,standard_focal_sets__full
qb4bh4kj,run-20260405_131449-qb4bh4kj,arxiv,random_set,GAT,256,3,0.04149221497713558,0.07203829662976331,256,False,full,False,False,False,0.6221885681152344,0.621707022190094,0.14386644959449768,,0.44171780347824097,0.6237062215805054,0.4194404184818268,0.5,0.41314998269081116,0.5,74.0,3,full_power_set,7,standard_focal_sets__full
abcs45np,run-20260405_134250-abcs45np,arxiv,random_set,GAT,256,2,0.02159019586822077,0.09522083268206602,256,False,full,False,False,False,0.6355786919593811,0.635057270526886,0.15579980611801147,,0.3765690326690674,0.633910059928894,0.415975958108902,0.5,0.422153502702713,0.5,98.0,3,full_power_set,7,standard_focal_sets__full
subcz40s,run-20260405_140153-subcz40s,arxiv,random_set,GAT,256,3,0.08760919104332193,0.07499131635720971,256,False,full,False,False,False,0.6275901198387146,0.6271029114723206,0.14528235793113708,,0.3333333432674408,0.6246440410614014,0.41701558232307434,0.5,0.41545915603637695,0.5,107.0,3,full_power_set,7,standard_focal_sets__full
pbfkdafy,run-20260405_144304-pbfkdafy,arxiv,random_set,GAT,64,3,0.010881555646634176,0.020964066570200533,256,False,full,False,False,False,0.5469909310340881,0.5469192862510681,0.018871398642659187,,0.42352941632270813,0.5452026128768921,0.42165353894233704,0.5315888524055481,0.42236077785491943,0.5406162738800049,71.0,3,full_power_set,7,standard_focal_sets__full
0j0o291o,run-20260405_145605-0j0o291o,arxiv,random_set,GAT,256,3,0.014206101394080153,0.07757179918120947,256,False,full,False,False,False,0.622674286365509,0.6221822500228882,0.1465749740600586,,0.4663677215576172,0.6252419352531433,0.41742467880249023,0.5,0.4199126660823822,0.5,109.0,3,full_power_set,7,standard_focal_sets__full
ee60h766,run-20260405_153731-ee60h766,arxiv,random_set,GAT,256,3,0.060573952299842755,0.05372243563832314,256,False,full,False,False,False,0.601920485496521,0.6015160083770752,0.1199391558766365,,0.5185185074806213,0.6053897142410278,0.41807374358177185,0.5,0.41801145672798157,0.5,130.0,3,full_power_set,7,standard_focal_sets__full
r0o5qk8g,run-20260405_162658-r0o5qk8g,arxiv,random_set,GAT,64,3,0.03720387766460357,0.0013537656869192969,256,False,full,False,False,False,0.529461145401001,0.5294513702392578,0.007320008706301451,,0.45132744312286377,0.5363894104957581,0.4263262152671814,0.6520635485649109,0.41341432929039,0.6516121029853821,102.0,3,full_power_set,7,standard_focal_sets__full
jy5ans49,run-20260405_164520-jy5ans49,arxiv,random_set,GAT,128,2,0.06575966460537176,0.09337216597166254,256,False,full,False,False,False,0.6301907300949097,0.6296718120574951,0.1551770120859146,,0.469565212726593,0.632016122341156,0.41542181372642517,0.5,0.4191802144050598,0.5,71.0,3,full_power_set,7,standard_focal_sets__full
bhk3g1vp,run-20260405_165546-bhk3g1vp,arxiv,random_set,GAT,128,3,0.06622601477895204,0.014079781689343013,256,False,full,False,False,False,0.5430410504341125,0.5429614186286926,0.014907117001712322,,0.46060606837272644,0.5485978126525879,0.4209662675857544,0.5614615678787231,0.4131323993206024,0.5589064955711365,200.0,3,full_power_set,7,standard_focal_sets__full
nke9gbzi,run-20260405_174228-nke9gbzi,arxiv,random_set,GAT,128,2,0.06979536030838039,0.012637267165053251,256,False,full,False,False,False,6.882796764373779,6.882653713226318,0.1428571492433548,,0.3333333432674408,6.114442348480225,0.419705331325531,0.5,0.4192023277282715,0.5,57.0,3,full_power_set,7,standard_focal_sets__full
4o6hboqs,run-20260405_175046-4o6hboqs,arxiv,random_set,GAT,64,2,0.0580525854114193,0.07809333388022796,256,False,full,False,False,False,0.5801267623901367,0.5798336863517761,0.0805184543132782,,0.41566264629364014,0.582720160484314,0.4175078272819519,0.5461230874061584,0.42005714774131775,0.5386115908622742,59.0,3,full_power_set,7,standard_focal_sets__full
84jbf4ti,run-20260405_175816-84jbf4ti,arxiv,random_set,GAT,256,3,0.02268826565035816,0.08438446721182766,256,False,full,False,False,False,0.6258352398872375,0.6253306269645691,0.1506437361240387,,0.4677419364452362,0.628731906414032,0.41799396276474,0.5,0.41321638226509094,0.5,102.0,3,full_power_set,7,standard_focal_sets__full
o83wn13p,run-20260405_183727-o83wn13p,arxiv,random_set,GAT,128,2,0.037020844376953355,0.0745826857404639,256,False,full,False,False,False,0.5797472596168518,0.5794650912284851,0.07927006483078003,,0.4146341383457184,0.5782214999198914,0.421041339635849,0.531920850276947,0.42232003808021545,0.5385887026786804,65.0,3,full_power_set,7,standard_focal_sets__full
vrb9sink,run-20260405_184656-vrb9sink,arxiv,random_set,GAT,128,2,0.053723026834881976,0.0852038930464627,256,False,full,False,False,False,0.628638505935669,0.6281323432922363,0.1512487381696701,,0.4193548262119293,0.6297711730003357,0.41732993721961975,0.5,0.4177881181240082,0.5,85.0,3,full_power_set,7,standard_focal_sets__full
9bz8q1m6,run-20260405_185925-9bz8q1m6,arxiv,random_set,GAT,64,2,0.07501612731184268,0.033757089025755437,256,False,full,False,False,False,0.5442237854003906,0.5441449880599976,0.012422021478414536,,0.46046510338783264,0.5511568188667297,0.42096662521362305,0.5548731088638306,0.4179379642009735,0.5593170523643494,65.0,3,full_power_set,7,standard_focal_sets__full
o475vw05,run-20260405_190742-o475vw05,arxiv,random_set,GAT,64,3,0.06077998347488125,0.045220427756853115,256,False,full,False,False,False,0.5563860535621643,0.5562466979026794,0.03207194805145264,,0.4117647111415863,0.5599539875984192,0.41599172353744507,0.5690317749977112,0.41858965158462524,0.5732049345970154,116.0,3,full_power_set,7,standard_focal_sets__full
474o8yb3,run-20260405_192858-474o8yb3,arxiv,random_set,GAT,256,3,0.08732712420838507,0.0974690451578254,256,False,full,False,False,False,0.636164665222168,0.6356397271156311,0.15712255239486694,,0.3863636255264282,0.6347050666809082,0.41816848516464233,0.5,0.4186437129974365,0.5,181.0,3,full_power_set,7,standard_focal_sets__full
2z6ucqu8,run-20260405_203709-2z6ucqu8,arxiv,random_set,GAT,256,2,0.029808418224572576,0.01762550543879088,256,False,full,False,False,False,0.5451642274856567,0.5451082587242126,0.010142477229237556,,0.4610389471054077,0.5448182225227356,0.41307705640792847,0.559613049030304,0.4179481565952301,0.5590145587921143,60.0,3,full_power_set,7,standard_focal_sets__full
rx9xmlk5,run-20260405_204840-rx9xmlk5,arxiv,random_set,GAT,256,3,0.08983126187689788,0.019223703645171463,256,False,full,False,False,False,0.544161319732666,0.5441173315048218,0.009726396761834621,,0.3668341636657715,0.5453201532363892,0.4198105037212372,0.566360592842102,0.4193325340747833,0.5626910328865051,60.0,3,full_power_set,7,standard_focal_sets__full
4aepv416,run-20260405_211136-4aepv416,arxiv,random_set,GAT,64,3,0.062306324036196424,0.06685232720443954,256,False,full,False,False,False,0.618383526802063,0.6179129481315613,0.14052745699882507,,0.4449339210987091,0.6208327412605286,0.4136217534542084,0.5,0.41695716977119446,0.5,76.0,3,full_power_set,7,standard_focal_sets__full
ynjgf9h5,run-20260405_212518-ynjgf9h5,arxiv,random_set,GAT,256,3,0.08000225803405694,0.011524968647240438,256,False,full,False,False,False,0.5436359643936157,0.5436012744903564,0.01370179932564497,,0.40340909361839294,0.5422396063804626,0.4141427278518677,0.5691891312599182,0.41696250438690186,0.5653864741325378,66.0,3,full_power_set,7,standard_focal_sets__full
e0jcyp0b,run-20260405_215023-e0jcyp0b,arxiv,random_set,GAT,64,3,0.07275671599762437,0.0930188140305576,256,False,full,False,False,False,0.6321794390678406,0.6316594481468201,0.1565505713224411,,0.44871795177459717,0.6338583827018738,0.4167485237121582,0.5,0.4211500287055969,0.5,96.0,3,full_power_set,7,standard_focal_sets__full
hkdu4f8b,run-20260405_220747-hkdu4f8b,arxiv,random_set,GAT,128,2,0.00910512809728662,0.07223739170901472,256,False,full,False,False,False,0.5761011242866516,0.5758312344551086,0.0769883468747139,,0.43396225571632385,0.5764914155006409,0.4223719835281372,0.5498062372207642,0.42140424251556396,0.551970362663269,82.0,3,full_power_set,7,standard_focal_sets__full
do802qer,run-20260405_221937-do802qer,arxiv,random_set,GAT,128,2,0.055645868817548995,0.007333384363077042,256,False,full,False,False,False,0.6042290925979614,0.60420161485672,0.008384755812585354,,0.125,0.5573471784591675,0.3276277184486389,0.385206401348114,0.3257052004337311,0.3879634737968445,69.0,3,full_power_set,7,standard_focal_sets__full
zjt1higy,run-20260405_222941-zjt1higy,arxiv,random_set,GAT,128,3,0.09501470246475643,0.017590012883574316,256,False,full,False,False,False,0.5464683771133423,0.5464214086532593,0.009040226228535175,,0.4292683005332947,0.5448119044303894,0.41657382249832153,0.48077473044395447,0.4140302538871765,0.4833025336265564,97.0,3,full_power_set,7,standard_focal_sets__full
m9xypj8o,run-20260405_225229-m9xypj8o,arxiv,random_set,GAT,64,2,0.0031460261193800975,0.0032467949702812875,256,False,full,False,False,False,0.5333272218704224,0.5333154201507568,0.00518281664699316,,0.4692307710647583,0.5384326577186584,0.4156751036643982,0.5128576755523682,0.4215715825557709,0.5092450380325317,94.0,3,full_power_set,7,standard_focal_sets__full
algi96ih,run-20260405_230428-algi96ih,arxiv,random_set,GAT,128,2,0.06699195499860547,0.04961448565563096,256,False,full,False,False,False,0.5650249719619751,0.5648340582847595,0.05359996110200882,,0.43795621395111084,0.5664139986038208,0.41858455538749695,0.5309534072875977,0.4179746210575104,0.5224990248680115,74.0,3,full_power_set,7,standard_focal_sets__full
48ouk8ta,run-20260405_231529-48ouk8ta,arxiv,random_set,GAT,256,2,0.05012757566899303,0.058013434919167994,256,False,full,False,False,False,0.5696218609809875,0.5694191455841064,0.05507521331310272,,0.375,0.5665016770362854,0.4208853840827942,0.5497531890869141,0.4194020926952362,0.549426257610321,89.0,3,full_power_set,7,standard_focal_sets__full
u39hslaw,run-20260405_233253-u39hslaw,arxiv,random_set,GAT,128,2,0.003696170853364791,0.09112084528671063,256,False,full,False,False,False,0.6288843154907227,0.6283689141273499,0.15397967398166656,,0.4761904776096344,0.6319151520729065,0.418477326631546,0.5,0.4181935489177704,0.5,52.0,3,full_power_set,7,standard_focal_sets__full
o5emfqbh,run-20260405_234029-o5emfqbh,arxiv,random_set,GAT,128,2,0.08684249074945598,0.0056890556576855685,256,False,full,False,False,False,0.539625346660614,0.5395891666412354,0.01159075926989317,,0.43216079473495483,0.5417466759681702,0.42177659273147583,0.5572597980499268,0.41622620820999146,0.5542974472045898,51.0,3,full_power_set,7,standard_focal_sets__full
v4diw192,run-20260405_234754-v4diw192,arxiv,random_set,GAT,128,2,0.06716527316898348,0.09947066921051918,256,False,full,False,False,False,0.6352450847625732,0.6347172856330872,0.15804775059223175,,0.3919597864151001,0.635213315486908,0.41604894399642944,0.5,0.4198634922504425,0.4999783933162689,57.0,3,full_power_set,7,standard_focal_sets__full
gb2i54us,run-20260406_035938-gb2i54us,coauthor,random_set,GAT,256,3,0.09924055464474948,0.07751862777050719,-1,False,full,False,False,False,0.6694474220275879,0.6651816964149475,0.26343369483947754,,0.28389063477516174,0.671332597732544,0.27450308203697205,0.500668466091156,0.28208649158477783,0.5,66.0,11,budgeted,43,standard_focal_sets__full
jpyd2knd,run-20260406_040332-jpyd2knd,coauthor,random_set,GAT,128,3,0.021474219872709123,0.09541833662766552,-1,False,full,False,False,False,0.6714904308319092,0.6698879599571228,0.24110549688339233,,0.05367455631494522,0.6714822053909302,0.05483207851648331,0.5,0.04804088547825813,0.5,61.0,11,budgeted,43,standard_focal_sets__full
abkttfwp,run-20260406_040631-abkttfwp,coauthor,random_set,GAT,256,2,0.013920835805140044,0.095181935777662,-1,False,full,False,False,False,0.6700838208198547,0.6675035357475281,0.25159212946891785,,0.05085707828402519,0.6701578497886658,0.053228020668029785,0.45102906227111816,0.0580492727458477,0.4286447763442993,61.0,11,budgeted,43,standard_focal_sets__full
qowmghtt,run-20260406_040938-qowmghtt,coauthor,random_set,GAT,256,3,0.0216747816357287,0.04534236857014175,-1,False,full,False,False,False,0.45739510655403137,0.45708397030830383,0.046131301671266556,,0.2951752245426178,0.45100781321525574,0.27728813886642456,0.42978528141975403,0.2776646316051483,0.41626426577568054,97.0,11,budgeted,43,standard_focal_sets__full
xtiovnci,run-20260406_041439-xtiovnci,coauthor,random_set,GAT,256,2,0.014416903576041171,0.015525952176676202,-1,False,full,False,False,False,0.32142964005470276,0.3213116526603699,0.03375333175063133,,0.4775153398513794,0.3237525224685669,0.4849829375743866,0.6811210513114929,0.4637041985988617,0.6797008514404297,66.0,11,budgeted,43,standard_focal_sets__full
icqobvul,run-20260406_041756-icqobvul,coauthor,random_set,GAT,64,3,0.09937558797800644,0.06368707104730693,-1,False,full,False,False,False,0.6641300916671753,0.6616641879081726,0.24426983296871185,,0.053156521171331406,0.6639052629470825,0.04897260293364525,0.5225393772125244,0.055423326790332794,0.5014393925666809,55.0,11,budgeted,43,standard_focal_sets__full
vh41aiko,run-20260406_042005-vh41aiko,coauthor,random_set,GAT,256,3,0.04164944281065471,0.011683024075824113,-1,False,full,False,False,False,0.348253071308136,0.3477540612220764,0.0321146585047245,,0.427415668964386,0.3484833240509033,0.4332324266433716,0.5694276690483093,0.44735944271087646,0.5723011493682861,200.0,11,budgeted,43,standard_focal_sets__full
l0skrkgk,run-20260406_042956-l0skrkgk,coauthor,random_set,GAT,128,2,0.011487393036906692,0.06934889187291829,-1,False,full,False,False,False,0.4746495485305786,0.47396835684776306,0.07659836858510971,,0.2786885201931,0.4780609905719757,0.2604984641075134,0.4260735809803009,0.2753281593322754,0.43794459104537964,62.0,11,budgeted,43,standard_focal_sets__full
fbrhs5tq,run-20260406_043232-fbrhs5tq,coauthor,random_set,GAT,128,2,0.01063758946104888,0.02128460711896186,-1,False,full,False,False,False,0.3677964508533478,0.3670538067817688,0.04566068574786186,,0.4038570523262024,0.36459681391716003,0.4125590920448303,0.5519211888313293,0.4131406843662262,0.5712105631828308,67.0,11,budgeted,43,standard_focal_sets__full
hgdpnyc6,run-20260406_043519-hgdpnyc6,coauthor,random_set,GAT,256,3,0.030955234118670898,0.012709683982779364,-1,False,full,False,False,False,0.31863242387771606,0.3181335926055908,0.027995284646749496,,0.42172232270240784,0.31874972581863403,0.4388171434402466,0.6133084893226624,0.4248299300670624,0.6169979572296143,115.0,11,budgeted,43,standard_focal_sets__full
x0479brp,run-20260406_044116-x0479brp,coauthor,random_set,GAT,256,2,0.007344914152426327,0.007365945449769283,-1,False,full,False,False,False,0.17636726796627045,0.1760776937007904,0.017705030739307404,,0.7992692589759827,0.1809619665145874,0.8042310476303101,0.6850203275680542,0.8025780320167542,0.6784361600875854,200.0,11,budgeted,43,standard_focal_sets__full
abarqq15,run-20260406_045024-abarqq15,coauthor,random_set,GAT,256,3,0.03999702284603647,0.004602358706126057,-1,False,full,False,False,False,0.3104701638221741,0.3101222813129425,0.03454073145985603,,0.4291704297065735,0.30654558539390564,0.4406260550022125,0.6812310814857483,0.4358096420764923,0.6580042243003845,168.0,11,budgeted,43,standard_focal_sets__full
hn79h4di,run-20260406_045848-hn79h4di,coauthor,random_set,GAT,256,2,0.006362645281208691,0.04114705818083303,-1,False,full,False,False,False,0.4456075429916382,0.44480541348457336,0.05974694713950157,,0.30442196130752563,0.44266921281814575,0.3179677128791809,0.43958091735839844,0.31938251852989197,0.4510800838470459,67.0,11,budgeted,43,standard_focal_sets__full
oq1xr3w3,run-20260406_050206-oq1xr3w3,coauthor,random_set,GAT,256,2,0.01821908120327228,0.020313131799254227,-1,False,full,False,False,False,0.3627518117427826,0.36214005947113037,0.04671419411897659,,0.43233126401901245,0.3657720685005188,0.4075213670730591,0.61065274477005,0.43240490555763245,0.595638632774353,144.0,11,budgeted,43,standard_focal_sets__full
mxcmbobb,run-20260406_050849-mxcmbobb,coauthor,random_set,GAT,256,2,0.047955175591492,0.00978179576878844,-1,False,full,False,False,False,0.29973116517066956,0.29922550916671753,0.031125398352742195,,0.556352436542511,0.29638752341270447,0.5695858597755432,0.5948036909103394,0.5727826952934265,0.5977518558502197,114.0,11,budgeted,43,standard_focal_sets__full
s0d4gdvw,run-20260406_051407-s0d4gdvw,coauthor,random_set,GAT,256,3,0.015696020341470145,0.022854535217188728,-1,False,full,False,False,False,0.40109801292419434,0.40018656849861145,0.047700949013233185,,0.32001814246177673,0.39925113320350647,0.3067212700843811,0.5921667814254761,0.29955798387527466,0.5915449857711792,64.0,11,budgeted,43,standard_focal_sets__full
dpowdzo1,run-20260406_051739-dpowdzo1,coauthor,random_set,GAT,256,3,0.07383634049078146,0.00907788486933161,-1,False,full,False,False,False,0.29682520031929016,0.29633015394210815,0.04265039786696434,,0.4517847001552582,0.31126996874809265,0.4812563359737396,0.6916905641555786,0.4658385217189789,0.6662471890449524,147.0,11,budgeted,43,standard_focal_sets__full
t8tujqyf,run-20260406_052505-t8tujqyf,coauthor,random_set,GAT,256,3,0.08574486927505488,0.02642518060808251,-1,False,full,False,False,False,0.48458871245384216,0.48292410373687744,0.07244793325662613,,0.2866878807544708,0.4690968692302704,0.3116576671600342,0.4486806094646454,0.31593406200408936,0.44623231887817383,138.0,11,budgeted,43,standard_focal_sets__full
gbe2v074,run-20260406_053215-gbe2v074,coauthor,random_set,GAT,256,3,0.026388883782378917,0.08527180031362674,-1,False,full,False,False,False,0.6714587807655334,0.6661096811294556,0.2798672318458557,,0.14861316978931427,0.6715644598007202,0.15238739550113678,0.5,0.14848485589027405,0.5043771266937256,59.0,11,budgeted,43,standard_focal_sets__full
ils5w4gv,run-20260406_053528-ils5w4gv,coauthor,random_set,GAT,128,3,0.07829095833188175,0.09454026142910406,-1,False,full,False,False,False,0.6743203401565552,0.669873058795929,0.2720146179199219,,0.28041306138038635,0.6743754744529724,0.28913190960884094,0.5,0.27800408005714417,0.5,55.0,11,budgeted,43,standard_focal_sets__full
xbp7g8vj,run-20260406_053754-xbp7g8vj,coauthor,random_set,GAT,256,3,0.021687509430649583,0.015822852305219945,-1,False,full,False,False,False,0.41202160716056824,0.4105784595012665,0.08048196882009506,,0.429993212223053,0.4756283462047577,0.3008910119533539,0.48452600836753845,0.2780437767505646,0.49090972542762756,131.0,11,budgeted,43,standard_focal_sets__full
nmlogvkd,run-20260406_054428-nmlogvkd,coauthor,random_set,GAT,256,2,0.034594515726431796,0.0014899515625114129,-1,False,full,False,False,False,0.06898422539234161,0.0688982754945755,0.005600490141659975,,0.9393388628959656,0.0803186297416687,0.9264904856681824,0.8714582920074463,0.925571858882904,0.8722591400146484,200.0,11,budgeted,43,standard_focal_sets__full
zg4u6dnw,run-20260406_055332-zg4u6dnw,coauthor,random_set,GAT,128,3,0.09826171503624297,0.06271923905703496,-1,False,full,False,False,False,0.6591325402259827,0.6575903296470642,0.23358936607837677,,0.1411537528038025,0.6592178344726562,0.1374828964471817,0.5,0.13134732842445374,0.5,56.0,11,budgeted,43,standard_focal_sets__full
gmmj1opc,run-20260406_055607-gmmj1opc,coauthor,random_set,GAT,64,3,0.06443366464997602,0.01740751416565246,-1,False,full,False,False,False,0.3971683382987976,0.396515429019928,0.052576497197151184,,0.2815025746822357,0.4026707410812378,0.27852004766464233,0.5520544648170471,0.285906046628952,0.565594494342804,90.0,11,budgeted,43,standard_focal_sets__full
c57bn217,run-20260406_055925-c57bn217,coauthor,random_set,GAT,64,3,0.044905890232051986,0.026506149580002327,-1,False,full,False,False,False,0.4575275182723999,0.45705926418304443,0.04532802477478981,,0.28111857175827026,0.4549163579940796,0.29397836327552795,0.49699416756629944,0.2708972990512848,0.4836147725582123,64.0,11,budgeted,43,standard_focal_sets__full
mdqt3mvi,run-20260406_060201-mdqt3mvi,coauthor,random_set,GAT,64,3,0.02473327061440981,0.03004238594247152,-1,False,full,False,False,False,0.48552602529525757,0.484497994184494,0.02691115252673626,,0.2904283106327057,0.5065163373947144,0.26040592789649963,0.4355846345424652,0.2810792326927185,0.45144760608673096,62.0,11,budgeted,43,standard_focal_sets__full
vehz21im,run-20260406_060430-vehz21im,coauthor,random_set,GAT,128,2,0.031236138693609933,0.06405910913795895,-1,False,full,False,False,False,0.4866659641265869,0.4853859841823578,0.09987565129995346,,0.2852764129638672,0.46855148673057556,0.2844036817550659,0.45211488008499146,0.2851296067237854,0.4492257237434387,62.0,11,budgeted,43,standard_focal_sets__full
7b1p3xkk,run-20260406_060706-7b1p3xkk,coauthor,random_set,GAT,128,3,0.07365792121463222,0.06244126546534953,-1,False,full,False,False,False,0.659917950630188,0.6565068960189819,0.25473856925964355,,0.09439963847398758,0.6597074270248413,0.09788540005683899,0.501526415348053,0.09359104931354523,0.4996609091758728,68.0,11,budgeted,43,standard_focal_sets__full
d0tqek4y,run-20260406_061002-d0tqek4y,coauthor,random_set,GAT,256,3,0.012950758397313227,0.05013450234432217,-1,False,full,False,False,False,0.6560461521148682,0.6527819633483887,0.24810995161533356,,0.09719540923833847,0.655889093875885,0.09215017408132553,0.5,0.09093993902206421,0.5,65.0,11,budgeted,43,standard_focal_sets__full
d0vc8gmx,run-20260406_061330-d0vc8gmx,coauthor,random_set,GAT,256,3,0.036203480526103095,0.045941640693057305,-1,False,full,False,False,False,0.6431229710578918,0.6399279236793518,0.24207502603530884,,0.14889267086982727,0.6432707905769348,0.14993122220039368,0.5,0.15011779963970184,0.5,105.0,11,budgeted,43,standard_focal_sets__full
8r44e1hn,run-20260406_061852-8r44e1hn,coauthor,random_set,GAT,256,2,0.04162952670556603,0.06706214103114681,-1,False,full,False,False,False,0.5031973719596863,0.5021558403968811,0.0842021033167839,,0.2806977927684784,0.4969977140426636,0.28742310404777527,0.4473115801811218,0.2938566505908966,0.45067888498306274,94.0,11,budgeted,43,standard_focal_sets__full
sq8bgdhn,run-20260406_062322-sq8bgdhn,coauthor,random_set,GAT,64,2,0.07910542602560525,0.0007840271820023207,-1,False,full,False,False,False,0.04383055865764618,0.04374607279896736,0.004463010001927614,,0.9540282487869263,0.08507148176431656,0.912618100643158,0.9028224945068359,0.9092769622802734,0.9029823541641235,200.0,11,budgeted,43,standard_focal_sets__full
80bjxo95,run-20260406_063007-80bjxo95,coauthor,random_set,GAT,64,3,0.08238926831107612,0.024452381855744654,-1,False,full,False,False,False,0.4586266875267029,0.45837458968162537,0.04160609468817711,,0.30795493721961975,0.45820152759552,0.3622744381427765,0.4784468114376068,0.36283785104751587,0.4443739056587219,115.0,11,budgeted,43,standard_focal_sets__full
uyclw7r1,run-20260406_063411-uyclw7r1,coauthor,random_set,GAT,64,3,0.04801674491703781,0.04013561776390512,-1,False,full,False,False,False,0.4089934825897217,0.4086591303348541,0.0435640774667263,,0.29208600521087646,0.41352033615112305,0.2897574007511139,0.47022852301597595,0.2802826464176178,0.46592527627944946,85.0,11,budgeted,43,standard_focal_sets__full
w8l2d7y9,run-20260406_063723-w8l2d7y9,coauthor,random_set,GAT,256,2,0.09522048372302822,0.059097309892823205,-1,False,full,False,False,False,0.4394599199295044,0.43877607583999634,0.07116641104221344,,0.31343454122543335,0.4360697865486145,0.3375599682331085,0.4949367046356201,0.3325391411781311,0.5133641362190247,103.0,11,budgeted,43,standard_focal_sets__full
upxzz45e,run-20260406_064214-upxzz45e,coauthor,random_set,GAT,64,3,0.09581819181499232,0.0991786863714914,-1,False,full,False,False,False,0.6677036881446838,0.6670315861701965,0.230760395526886,,0.06318650394678116,0.6675050854682922,0.059395622462034225,0.5017322897911072,0.06556826084852219,0.5,55.0,11,budgeted,43,standard_focal_sets__full
osnn2tvd,run-20260406_064424-osnn2tvd,coauthor,random_set,GAT,128,2,0.030427772258979587,0.07643364052083151,-1,False,full,False,False,False,0.5008101463317871,0.49937450885772705,0.09358315914869308,,0.2778473198413849,0.49434977769851685,0.2849864065647125,0.42955482006073,0.28973230719566345,0.4219067096710205,61.0,11,budgeted,43,standard_focal_sets__full
kgr64bhk,run-20260406_064705-kgr64bhk,coauthor,random_set,GAT,256,3,0.005976781384250311,0.015111811434903942,-1,False,full,False,False,False,0.3396878242492676,0.3390234112739563,0.0315716527402401,,0.46597397327423096,0.3530023694038391,0.4815066158771515,0.5854588150978088,0.48942598700523376,0.5889314413070679,81.0,11,budgeted,43,standard_focal_sets__full
s4nas67e,run-20260406_065115-s4nas67e,coauthor,random_set,GAT,128,3,0.0987572278454249,0.08586394056744584,-1,False,full,False,False,False,0.6674150228500366,0.6658063530921936,0.23928864300251007,,0.06189445033669472,0.6672236323356628,0.06487394869327545,0.5,0.06403269618749619,0.5,52.0,11,budgeted,43,standard_focal_sets__full
6nhwn5ox,run-20260406_065336-6nhwn5ox,coauthor,random_set,GAT,64,3,0.05731791665988041,0.09077777894798444,-1,False,full,False,False,False,0.6737645864486694,0.6702855825424194,0.26126572489738464,,0.2813067138195038,0.6738172173500061,0.29082322120666504,0.5,0.2734159827232361,0.5,56.0,11,budgeted,43,standard_focal_sets__full
kfafzd7i,run-20260406_065556-kfafzd7i,coauthor,random_set,GAT,64,2,0.061509816202084566,0.018818708105150957,-1,False,full,False,False,False,0.3662574887275696,0.36560574173927307,0.05088861659169197,,0.4114046096801758,0.3610262870788574,0.4370345175266266,0.5955103635787964,0.4424200654029846,0.5916935205459595,151.0,11,budgeted,43,standard_focal_sets__full
tg3mxp1j,run-20260406_070108-tg3mxp1j,coauthor,random_set,GAT,128,2,0.05895687078896205,0.07836012363428364,-1,False,full,False,False,False,0.667867124080658,0.6653168797492981,0.24996666610240936,,0.09615384787321091,0.6680905222892761,0.09829931706190109,0.4732690751552582,0.08795669674873352,0.4429126977920532,58.0,11,budgeted,43,standard_focal_sets__full
lm1lsadz,run-20260406_070334-lm1lsadz,coauthor,random_set,GAT,64,2,0.004566587718982903,0.05171606895048697,-1,False,full,False,False,False,0.41399508714675903,0.4134100377559662,0.06073535233736038,,0.3650956153869629,0.416912317276001,0.3631722331047058,0.5166027545928955,0.36394327878952026,0.5065977573394775,84.0,11,budgeted,43,standard_focal_sets__full
nevth51m,run-20260406_070636-nevth51m,coauthor,random_set,GAT,64,3,0.006329247046339124,0.03974162517005643,-1,False,full,False,False,False,0.4706774652004242,0.47052082419395447,0.03955991938710213,,0.2800000011920929,0.4692782461643219,0.2869832515716553,0.5382826924324036,0.281377911567688,0.5374301671981812,75.0,11,budgeted,43,standard_focal_sets__full
v4nfgwxf,run-20260406_070927-v4nfgwxf,coauthor,random_set,GAT,64,3,0.08334178294858774,0.018357177552199087,-1,False,full,False,False,False,0.4133584499359131,0.4127366840839386,0.06339312344789505,,0.42357879877090454,0.42020782828330994,0.41558441519737244,0.4757629632949829,0.4179966151714325,0.4829225242137909,102.0,11,budgeted,43,standard_focal_sets__full
4k0440f8,run-20260406_071311-4k0440f8,coauthor,random_set,GAT,256,3,0.016396348810575376,0.005962044313335669,-1,False,full,False,False,False,0.22556568682193756,0.2253793627023697,0.024244043976068497,,0.7044217586517334,0.22407615184783936,0.7176753878593445,0.657925009727478,0.7104194760322571,0.6286530494689941,200.0,11,budgeted,43,standard_focal_sets__full
mllht5f8,run-20260406_072308-mllht5f8,coauthor,random_set,GAT,256,3,0.08864823729610054,0.04720180701269964,-1,False,full,False,False,False,0.4670558273792267,0.4660162627696991,0.05712580308318138,,0.27980920672416687,0.4539712369441986,0.2963217496871948,0.42964285612106323,0.2728191316127777,0.4139987826347351,168.0,11,budgeted,43,standard_focal_sets__full
zv0dld04,run-20260406_073135-zv0dld04,coauthor,random_set,GAT,64,2,0.027314577848895957,0.0907144488944442,-1,False,full,False,False,False,0.6702088713645935,0.6686028242111206,0.23994454741477966,,0.09457013756036758,0.6701996922492981,0.09408967196941376,0.5211980938911438,0.09689655154943466,0.5175835490226746,62.0,11,budgeted,43,standard_focal_sets__full
u9x6ahov,run-20260406_073356-u9x6ahov,coauthor,random_set,GAT,128,3,0.07027636538752476,0.024993366250077732,-1,False,full,False,False,False,0.41969236731529236,0.4180777370929718,0.07708939909934998,,0.2987916171550751,0.39991453289985657,0.2846441864967346,0.47853177785873413,0.2783193290233612,0.47032099962234497,146.0,11,budgeted,43,standard_focal_sets__full
n7l07c4j,run-20260406_073958-n7l07c4j,coauthor,random_set,GAT,64,3,0.06273208961448681,0.07083273858367561,-1,False,full,False,False,False,0.6660352945327759,0.6598672270774841,0.28686174750328064,,0.2808592915534973,0.6660813093185425,0.2810996472835541,0.5,0.28461021184921265,0.5,56.0,11,budgeted,43,standard_focal_sets__full
mm3gogq8,run-20260406_074209-mm3gogq8,coauthor,random_set,GAT,256,2,0.07742756897533623,0.014349019217060582,-1,False,full,False,False,False,0.36131617426872253,0.36057573556900024,0.05096197873353958,,0.46550554037094116,0.34773507714271545,0.47842466831207275,0.6034854650497437,0.4969199299812317,0.5938406586647034,99.0,11,budgeted,43,standard_focal_sets__full
56lq5qr1,run-20260406_074705-56lq5qr1,coauthor,random_set,GAT,128,3,0.0022425452031296896,0.09673585653628083,-1,False,full,False,False,False,0.6707199811935425,0.6662451028823853,0.27281081676483154,,0.13850699365139008,0.6707571744918823,0.13924477994441986,0.5,0.13747000694274902,0.5,200.0,11,budgeted,43,standard_focal_sets__full
vh1an2yg,run-20260406_075503-vh1an2yg,coauthor,random_set,GAT,64,2,0.08294501769004209,0.017289404743400676,-1,False,full,False,False,False,0.5302865505218506,0.5299129486083984,0.09213856607675552,,0.07702779024839401,0.4739567041397095,0.0872092992067337,0.4172239899635315,0.09202037006616592,0.41190260648727417,100.0,11,budgeted,43,standard_focal_sets__full
bfejihys,run-20260406_075838-bfejihys,coauthor,random_set,GAT,256,2,0.09426573350530427,0.003525280893356942,-1,False,full,False,False,False,4.118084907531738,4.115968227386475,0.11836829036474228,,0.15039817988872528,3.896218776702881,0.21323277056217194,0.613764762878418,0.22539469599723816,0.6343043446540833,52.0,11,budgeted,43,standard_focal_sets__full
v1b522yu,run-20260406_080124-v1b522yu,coauthor,random_set,GAT,128,2,0.08293193569687583,0.019015475334381377,-1,False,full,False,False,False,0.34499767422676086,0.34422096610069275,0.04685042425990105,,0.48316898941993713,0.3430469334125519,0.49228131771087646,0.5418225526809692,0.49762389063835144,0.562159538269043,110.0,11,budgeted,43,standard_focal_sets__full
4ramlp74,run-20260406_080553-4ramlp74,coauthor,random_set,GAT,128,3,0.005781928842058806,0.09332390328932524,-1,False,full,False,False,False,0.6714822053909302,0.6623936891555786,0.3231697678565979,,0.060996465384960175,0.671471118927002,0.059104885905981064,0.5,0.056262560188770294,0.5,61.0,11,budgeted,43,standard_focal_sets__full
8lo1m4rb,run-20260406_080834-8lo1m4rb,coauthor,random_set,GAT,128,2,0.029377217119692187,0.09995059834299878,-1,False,full,False,False,False,0.6737425327301025,0.6730801463127136,0.23078325390815735,,0.09979633241891861,0.6738150715827942,0.09613411128520966,0.5625901222229004,0.09613411128520966,0.5717273950576782,59.0,11,budgeted,43,standard_focal_sets__full
ym1jyd9r,run-20260406_081105-ym1jyd9r,coauthor,random_set,GAT,128,2,0.02162790889077107,0.04483620598182489,-1,False,full,False,False,False,0.4645133316516876,0.4636938273906708,0.04833594337105751,,0.29004770517349243,0.49778616428375244,0.365403950214386,0.4488072991371155,0.3601241707801819,0.43511417508125305,58.0,11,budgeted,43,standard_focal_sets__full
2f9hn7pf,run-20260406_081340-2f9hn7pf,coauthor,random_set,GAT,256,2,0.04716465829498688,0.04492854356226442,-1,False,full,False,False,False,0.4437771737575531,0.4429023563861847,0.09145908057689667,,0.19314181804656982,0.456859827041626,0.21007539331912994,0.593390703201294,0.2054748237133026,0.5955944657325745,62.0,11,budgeted,43,standard_focal_sets__full
twesswg4,run-20260406_081648-twesswg4,coauthor,random_set,GAT,128,2,0.08065581882552489,0.06200334636931225,-1,False,full,False,False,False,0.4879378080368042,0.4873886704444885,0.12036149948835373,,0.34881332516670227,0.4971596300601959,0.34455180168151855,0.46861499547958374,0.3371017575263977,0.4669125974178314,54.0,11,budgeted,43,standard_focal_sets__full
r4tv4mvw,run-20260406_081908-r4tv4mvw,coauthor,random_set,GAT,64,2,0.03668939592047211,0.09123162431569484,-1,False,full,False,False,False,0.4781171977519989,0.477314829826355,0.09027908742427826,,0.18460489809513092,0.4848904311656952,0.18040166795253754,0.3513503670692444,0.18406961858272552,0.3603229224681854,62.0,11,budgeted,43,standard_focal_sets__full
1ktwpuwt,run-20260406_082129-1ktwpuwt,coauthor,random_set,GAT,64,3,0.032478976883619205,0.056145569969105774,-1,False,full,False,False,False,0.6604047417640686,0.6598292589187622,0.2102321982383728,,0.28657427430152893,0.6604770421981812,0.2736590504646301,0.5,0.27497461438179016,0.5309191346168518,60.0,11,budgeted,43,standard_focal_sets__full
jjq9757i,run-20260406_082415-jjq9757i,coauthor,random_set,GAT,64,2,0.003625971347327807,0.05568239935462385,-1,False,full,False,False,False,0.4731449484825134,0.47278252243995667,0.06533131748437881,,0.2894558608531952,0.4797920286655426,0.2699514329433441,0.4759434461593628,0.27683424949645996,0.4746996760368347,82.0,11,budgeted,43,standard_focal_sets__full
bjxxscce,run-20260406_082717-bjxxscce,coauthor,random_set,GAT,256,2,0.06403235334721018,0.08395955872892566,-1,False,full,False,False,False,0.6743112802505493,0.6708018779754639,0.2609950602054596,,0.09762174636125565,0.6667169332504272,0.09370724856853485,0.541709840297699,0.10511945188045502,0.5319122076034546,57.0,11,budgeted,43,standard_focal_sets__full
vaekinvk,run-20260406_083009-vaekinvk,coauthor,random_set,GAT,64,3,0.007194519885229353,0.07035092665727471,-1,False,full,False,False,False,0.460500031709671,0.46012407541275024,0.0529329776763916,,0.21883153915405273,0.4637564420700073,0.2133561670780182,0.48603832721710205,0.21261444687843323,0.48951342701911926,73.0,11,budgeted,43,standard_focal_sets__full
r6t0bz04,run-20260406_083300-r6t0bz04,coauthor,random_set,GAT,64,2,0.05115433014512975,0.07652538200604614,-1,False,full,False,False,False,0.46213996410369873,0.46144813299179077,0.07526682317256927,,0.28649571537971497,0.4786076545715332,0.27482208609580994,0.4932617247104645,0.2900608479976654,0.4953535199165344,56.0,11,budgeted,43,standard_focal_sets__full
z61u1z50,run-20260406_083510-z61u1z50,coauthor,random_set,GAT,128,2,0.0492660366156582,0.06656438435420912,-1,False,full,False,False,False,0.4652082622051239,0.4641147255897522,0.0811983123421669,,0.2763277292251587,0.45298096537590027,0.26925721764564514,0.4340398907661438,0.2618083655834198,0.4548816382884979,55.0,11,budgeted,43,standard_focal_sets__full
ar7m8mjk,run-20260406_083731-ar7m8mjk,coauthor,random_set,GAT,256,3,0.006264415361617594,0.0918048466834753,-1,False,full,False,False,False,0.669231116771698,0.6685808897018433,0.21799436211585999,,0.05216401070356369,0.6690456867218018,0.05252525210380554,0.5,0.05487389117479324,0.5,81.0,11,budgeted,43,standard_focal_sets__full
lqv50uo8,run-20260406_084146-lqv50uo8,coauthor,random_set,GAT,128,3,0.09550354880878878,0.045788803927682274,-1,False,full,False,False,False,0.6439729928970337,0.6399494409561157,0.24886904656887054,,0.27805599570274353,0.6432110071182251,0.29445376992225647,0.5,0.2795073688030243,0.5,88.0,11,budgeted,43,standard_focal_sets__full
ycdsl9lv,run-20260406_084539-ycdsl9lv,coauthor,random_set,GAT,64,2,0.0060003120705058414,0.06999552345472129,-1,False,full,False,False,False,0.4273451864719391,0.42718827724456787,0.06912396103143692,,0.2899428606033325,0.4264056086540222,0.2951095998287201,0.47370198369026184,0.28595486283302307,0.47733184695243835,70.0,11,budgeted,43,standard_focal_sets__full
ajeu7um0,run-20260406_084815-ajeu7um0,coauthor,random_set,GAT,128,2,0.09864851760662692,0.0674676471524234,-1,False,full,False,False,False,0.6224895715713501,0.6182560324668884,0.2151632159948349,,0.2944917678833008,0.6331346035003662,0.1465664505958557,0.6335057616233826,0.15243902802467346,0.6221464276313782,70.0,11,budgeted,43,standard_focal_sets__full
tnnoslsj,run-20260406_085117-tnnoslsj,coauthor,random_set,GAT,64,2,0.07009924970326128,0.04747251653902747,-1,False,full,False,False,False,0.5101026892662048,0.5095313191413879,0.05490587651729584,,0.27784717082977295,0.5187827944755554,0.29501524567604065,0.4406580924987793,0.3056693971157074,0.42489659786224365,66.0,11,budgeted,43,standard_focal_sets__full
flvmk2ba,run-20260406_085343-flvmk2ba,coauthor,random_set,GAT,256,3,0.09176520408487995,0.08902770398918709,-1,False,full,False,False,False,0.6686498522758484,0.667097806930542,0.2336193174123764,,0.0969538539648056,0.6705170273780823,0.09698423743247986,0.6758158802986145,0.08692722022533417,0.6404938697814941,62.0,11,budgeted,43,standard_focal_sets__full
8b8epgl8,run-20260406_085701-8b8epgl8,coauthor,random_set,GAT,128,3,0.056976260066642435,0.04235249603499688,-1,False,full,False,False,False,0.5072386264801025,0.5055802464485168,0.11858347803354263,,0.3439382016658783,0.4202102720737457,0.30216801166534424,0.4446510374546051,0.2838621735572815,0.44685131311416626,78.0,11,budgeted,43,standard_focal_sets__full
vcfjx1yd,run-20260406_090023-vcfjx1yd,coauthor,random_set,GAT,64,2,0.020383316852546747,0.09247794211860384,-1,False,full,False,False,False,0.6711814999580383,0.6676656007766724,0.261623352766037,,0.05333784222602844,0.6710702776908875,0.04722222313284874,0.47871604561805725,0.05653950944542885,0.4950855076313019,66.0,11,budgeted,43,standard_focal_sets__full
0whikzri,run-20260406_090255-0whikzri,coauthor,random_set,GAT,256,3,0.05074351268191267,0.002559540060017753,-1,False,full,False,False,False,0.11946604400873184,0.11925867944955826,0.008547821082174778,,0.8477421998977661,0.12113100290298462,0.8432376980781555,0.8774372339248657,0.8433038592338562,0.8719549179077148,186.0,11,budgeted,43,standard_focal_sets__full
5dqtevcc,run-20260406_091210-5dqtevcc,coauthor,random_set,GAT,256,2,0.027491632312003248,0.05718262584232755,-1,False,full,False,False,False,0.4527184069156647,0.4524984061717987,0.06704052537679672,,0.29036280512809753,0.4513140916824341,0.2924819886684418,0.5118013024330139,0.2751609683036804,0.5109988451004028,72.0,11,budgeted,43,standard_focal_sets__full
metund8b,run-20260406_091542-metund8b,coauthor,random_set,GAT,256,3,0.08102691495049946,0.0647137600828967,-1,False,full,False,False,False,0.6466333866119385,0.6441041231155396,0.2382996678352356,,0.061905838549137115,0.6399050354957581,0.06380075216293335,0.2560819685459137,0.0651354119181633,0.24602527916431427,120.0,11,budgeted,43,standard_focal_sets__full
cn1daxa9,run-20260406_092151-cn1daxa9,coauthor,random_set,GAT,128,3,0.0879839598575786,0.07342838147331224,-1,False,full,False,False,False,0.6622506380081177,0.6560289263725281,0.2879517674446106,,0.06347224116325378,0.6620939373970032,0.05415531247854233,0.5,0.07004420459270477,0.4987790584564209,58.0,11,budgeted,43,standard_focal_sets__full
5r8yojj0,run-20260406_092431-5r8yojj0,coauthor,random_set,GAT,128,3,0.07706691462537295,0.05157664303374549,-1,False,full,False,False,False,0.6594974398612976,0.6562032699584961,0.24975718557834625,,0.15070518851280212,0.6593574285507202,0.14856557548046112,0.6126549243927002,0.14608636498451233,0.6250671148300171,58.0,11,budgeted,43,standard_focal_sets__full
mjn9oqh7,run-20260406_092713-mjn9oqh7,coauthor,random_set,GAT,64,2,0.08740745519947056,0.08866088816555928,-1,False,full,False,False,False,0.49268513917922974,0.49190670251846313,0.09023749083280563,,0.23557420074939728,0.4919435381889343,0.22915254533290863,0.44192758202552795,0.23034672439098358,0.44876861572265625,61.0,11,budgeted,43,standard_focal_sets__full
on17g51l,run-20260406_092934-on17g51l,coauthor,random_set,GAT,128,2,0.0958496220687214,0.09789219302766096,-1,False,full,False,False,False,0.5096520185470581,0.5080785751342773,0.10517257452011108,,0.27602219581604004,0.512466311454773,0.27779677510261536,0.39107850193977356,0.27216917276382446,0.38825005292892456,59.0,11,budgeted,43,standard_focal_sets__full
1hmafxcy,run-20260406_093205-1hmafxcy,coauthor,random_set,GAT,256,3,0.07406387296182326,0.09605182541589048,-1,False,full,False,False,False,0.6722928285598755,0.6697303652763367,0.2517046332359314,,0.15112978219985962,0.6722069978713989,0.15058179199695587,0.5,0.14280879497528076,0.5,55.0,11,budgeted,43,standard_focal_sets__full
m0qv9i04,run-20260406_093507-m0qv9i04,coauthor,random_set,GAT,128,3,0.026352443807531056,0.038146888840353485,-1,False,full,False,False,False,0.40817439556121826,0.4079543650150299,0.05837644636631012,,0.2873654365539551,0.39631250500679016,0.27906185388565063,0.5472500324249268,0.2934521734714508,0.5516751408576965,79.0,11,budgeted,43,standard_focal_sets__full
ddf8g47w,run-20260406_093830-ddf8g47w,coauthor,random_set,GAT,128,3,0.08757410504824024,0.06020058511163313,-1,False,full,False,False,False,0.6574795842170715,0.652298092842102,0.27193471789360046,,0.02560906484723091,0.657841682434082,0.025473322719335556,0.5,0.02403520606458187,0.5005077719688416,57.0,11,budgeted,43,standard_focal_sets__full
sgtpu3pi,run-20260406_094101-sgtpu3pi,coauthor,random_set,GAT,128,3,0.017892310179839038,0.08795429109264812,-1,False,full,False,False,False,0.6684318780899048,0.665885865688324,0.25018683075904846,,0.14669233560562134,0.6685184240341187,0.14423076808452606,0.5,0.16236412525177002,0.5,63.0,11,budgeted,43,standard_focal_sets__full
mrqcaev3,run-20260406_094348-mrqcaev3,coauthor,random_set,GAT,128,3,0.05855006084624264,0.00907548825710652,-1,False,full,False,False,False,0.3106944262981415,0.31043532490730286,0.03199061378836632,,0.4434455931186676,0.3074375092983246,0.42294520139694214,0.5945878028869629,0.4223790466785431,0.597518801689148,200.0,11,budgeted,43,standard_focal_sets__full
c1vccdkd,run-20260406_095150-c1vccdkd,coauthor,random_set,GAT,64,2,0.05311910809617785,0.05137064321585358,-1,False,full,False,False,False,0.440879225730896,0.4403187930583954,0.061650946736335754,,0.27208802103996277,0.4464234411716461,0.2712208330631256,0.46734386682510376,0.2814432978630066,0.45459452271461487,57.0,11,budgeted,43,standard_focal_sets__full
wr3qv5ub,run-20260406_095400-wr3qv5ub,coauthor,random_set,GAT,128,3,0.02420419634833099,0.006581973912546012,-1,False,full,False,False,False,0.2639668583869934,0.2638794481754303,0.011259995400905609,,0.5192022919654846,0.25882840156555176,0.49071258306503296,0.6279541254043579,0.5023744702339172,0.6204915046691895,200.0,11,budgeted,43,standard_focal_sets__full
6w4hktmn,run-20260406_100203-6w4hktmn,coauthor,random_set,GAT,256,3,0.05245013460245881,0.030826180883862804,-1,False,full,False,False,False,0.381587952375412,0.380977600812912,0.05064115300774574,,0.30038365721702576,0.3874188959598541,0.2743150591850281,0.4898332357406616,0.2791178524494171,0.4719015061855316,99.0,11,budgeted,43,standard_focal_sets__full
4f8fw1e0,run-20260406_100710-4f8fw1e0,coauthor,random_set,GAT,256,3,0.03328708118011315,0.09393509056759072,-1,False,full,False,False,False,0.6704239845275879,0.6650297045707703,0.28198546171188354,,0.06274241209030151,0.6703930497169495,0.06311170756816864,0.5,0.0632825717329979,0.5005075931549072,56.0,11,budgeted,43,standard_focal_sets__full
8o1nai3c,run-20260406_101012-8o1nai3c,coauthor,random_set,GAT,256,2,0.07556896466260728,0.0647134262468298,-1,False,full,False,False,False,0.49335432052612305,0.4928950071334839,0.04392598569393158,,0.2817641794681549,0.598583996295929,0.2902250587940216,0.541780412197113,0.27580371499061584,0.5294567942619324,58.0,11,budgeted,43,standard_focal_sets__full
wwptpz66,run-20260406_101310-wwptpz66,coauthor,random_set,GAT,128,3,0.0945915477509065,0.06620524532009868,-1,False,full,False,False,False,0.6332940459251404,0.6300923228263855,0.2409730851650238,,0.09768608212471008,0.6388329863548279,0.08603239059448242,0.8488829135894775,0.0956905335187912,0.8310468792915344,76.0,11,budgeted,43,standard_focal_sets__full
9zmmvx1g,run-20260406_101628-9zmmvx1g,coauthor,random_set,GAT,64,2,0.05393061694865369,0.06696623086277718,-1,False,full,False,False,False,0.4870990216732025,0.4866342842578888,0.0766197219491005,,0.28047817945480347,0.4818418025970459,0.2810368239879608,0.4484565556049347,0.2908145487308502,0.4543507695198059,55.0,11,budgeted,43,standard_focal_sets__full
gxd8l7ao,run-20260406_101842-gxd8l7ao,coauthor,random_set,GAT,128,3,0.009706963075336698,0.05896376547284662,-1,False,full,False,False,False,0.47533711791038513,0.47481775283813477,0.0461856983602047,,0.27942344546318054,0.4747770428657532,0.28245314955711365,0.4042363166809082,0.28761062026023865,0.43177685141563416,65.0,11,budgeted,43,standard_focal_sets__full
v6vb8hcz,run-20260406_102134-v6vb8hcz,coauthor,random_set,GAT,128,3,0.03404441712729765,0.01223172589649362,-1,False,full,False,False,False,0.34797996282577515,0.3477317690849304,0.035188090056180954,,0.42946672439575195,0.3513862192630768,0.429824560880661,0.6445140838623047,0.4375,0.6546282768249512,89.0,11,budgeted,43,standard_focal_sets__full
vbx7l64t,run-20260406_102518-vbx7l64t,coauthor,random_set,GAT,128,2,0.08286689161682997,0.03197937229154818,-1,False,full,False,False,False,0.4200448989868164,0.41894474625587463,0.08270880579948425,,0.38487738370895386,0.39927101135253906,0.3050498068332672,0.48019731044769287,0.3146711587905884,0.5027216672897339,101.0,11,budgeted,43,standard_focal_sets__full
7h5i66ci,run-20260406_102921-7h5i66ci,coauthor,random_set,GAT,256,3,0.021933881172726873,0.03542853864611282,-1,False,full,False,False,False,0.4278325140476227,0.42766985297203064,0.03929615020751953,,0.28256672620773315,0.43005508184432983,0.2848857045173645,0.508236825466156,0.28663501143455505,0.4995347261428833,94.0,11,budgeted,43,standard_focal_sets__full
k1osq6o1,run-20260406_103443-k1osq6o1,coauthor,random_set,GAT,128,2,0.02699409109253484,0.00029547381582233355,-1,False,full,False,False,False,0.049312442541122437,0.04920993372797966,0.007844732142984867,,0.9604666829109192,0.08249561488628387,0.9311531782150269,0.9290480017662048,0.9244323968887329,0.91805100440979,135.0,11,budgeted,43,standard_focal_sets__full
uocwu49h,run-20260406_103959-uocwu49h,coauthor,random_set,GAT,128,3,0.051698767765467654,0.043026131098195024,-1,False,full,False,False,False,0.4903988838195801,0.48862969875335693,0.10331511497497559,,0.32381710410118103,0.5073957443237305,0.22354137897491455,0.5904404520988464,0.20822010934352875,0.5597947835922241,93.0,11,budgeted,43,standard_focal_sets__full
1e9n488t,run-20260407_045012-1e9n488t,amazon_ratings,random_set,GAT,64,3,0.04876683335352644,0.05731213710255308,-1,False,full,False,False,False,0.5294671058654785,0.529119610786438,0.10086610168218613,,0.6364043951034546,0.5291967391967773,0.6364858746528625,0.5000983476638794,0.6363228559494019,0.49795106053352356,57.0,3,full_power_set,7,standard_focal_sets__full
dorykluh,run-20260407_045044-dorykluh,amazon_ratings,random_set,GAT,128,3,0.0703037280450143,0.039045661957951325,-1,False,full,False,False,False,0.4814392924308777,0.4812588393688202,0.050046153366565704,,0.6364043951034546,0.4816729426383972,0.6364858746528625,0.473939448595047,0.6363228559494019,0.48220932483673096,54.0,3,full_power_set,7,standard_focal_sets__full
ddbztb6z,run-20260407_045120-ddbztb6z,amazon_ratings,random_set,GAT,64,2,0.09916092529644162,0.05465211070035255,-1,False,full,False,False,False,0.499554306268692,0.4993058145046234,0.07268533855676651,,0.6364043951034546,0.5000422596931458,0.6364858746528625,0.4757069945335388,0.6363228559494019,0.4838423728942871,54.0,3,full_power_set,7,standard_focal_sets__full
d30arxxu,run-20260407_045152-d30arxxu,amazon_ratings,random_set,GAT,128,3,0.04596729043521856,0.08855551105146997,-1,False,full,False,False,False,0.5925952792167664,0.5920854806900024,0.15238067507743835,,0.6364043951034546,0.5925227999687195,0.6364858746528625,0.5,0.6363228559494019,0.5,57.0,3,full_power_set,7,standard_focal_sets__full
nrw3njhz,run-20260407_045229-nrw3njhz,amazon_ratings,random_set,GAT,256,3,0.0547921356863655,0.055448254006012346,-1,False,full,False,False,False,0.5217519998550415,0.5214276909828186,0.09552460163831711,,0.6364043951034546,0.5221967101097107,0.6364858746528625,0.4909210205078125,0.6363228559494019,0.49927178025245667,54.0,3,full_power_set,7,standard_focal_sets__full
2ejei7c8,run-20260407_045332-2ejei7c8,amazon_ratings,random_set,GAT,128,2,0.09962433121808524,0.027336597158127,-1,False,full,False,False,False,0.4672088921070099,0.4670957624912262,0.029921673238277435,,0.6364043951034546,0.4670000970363617,0.6364858746528625,0.4747970402240753,0.6363228559494019,0.4830341935157776,55.0,3,full_power_set,7,standard_focal_sets__full
9nw4f5vw,run-20260407_045403-9nw4f5vw,amazon_ratings,random_set,GAT,128,3,0.027996742356709212,0.0831744006379565,-1,False,full,False,False,False,0.5877686738967896,0.5872701406478882,0.15012910962104797,,0.6364043951034546,0.5877180099487305,0.6364858746528625,0.5,0.6363228559494019,0.5,59.0,3,full_power_set,7,standard_focal_sets__full
gbl0i2br,run-20260407_045450-gbl0i2br,amazon_ratings,random_set,GAT,64,3,0.02450176670752366,0.0785655569580728,-1,False,full,False,False,False,0.5755521655082703,0.5750851631164551,0.1414082646369934,,0.6364043951034546,0.5756183862686157,0.6364858746528625,0.5,0.6363228559494019,0.5,60.0,3,full_power_set,7,standard_focal_sets__full
pej24kt4,run-20260407_045522-pej24kt4,amazon_ratings,random_set,GAT,128,3,0.013966908289855811,0.09416452140533124,-1,False,full,False,False,False,0.5952467918395996,0.594731330871582,0.15471671521663666,,0.6364043951034546,0.5953049659729004,0.6364858746528625,0.5,0.6363228559494019,0.5,65.0,3,full_power_set,7,standard_focal_sets__full
rjhh5bdx,run-20260407_045604-rjhh5bdx,amazon_ratings,random_set,GAT,128,3,0.016936037218024898,0.08176082665256322,-1,False,full,False,False,False,0.5814028382301331,0.5809184908866882,0.14417102932929993,,0.6364043951034546,0.5815588235855103,0.6364858746528625,0.5,0.6363228559494019,0.5,63.0,3,full_power_set,7,standard_focal_sets__full
u7xih842,run-20260407_045646-u7xih842,amazon_ratings,random_set,GAT,64,3,0.0052298095166340465,0.06709023870522053,-1,False,full,False,False,False,0.5384328961372375,0.5380532145500183,0.10909257084131241,,0.6364043951034546,0.5385582447052002,0.6364858746528625,0.49731671810150146,0.6363228559494019,0.5007792115211487,89.0,3,full_power_set,7,standard_focal_sets__full
lkqyc4lk,run-20260407_045733-lkqyc4lk,amazon_ratings,random_set,GAT,64,3,0.030494103193729395,0.09372869802939496,-1,False,full,False,False,False,0.5969498753547668,0.5964292287826538,0.155945286154747,,0.6364043951034546,0.5968192219734192,0.6364858746528625,0.5,0.6363228559494019,0.5,61.0,3,full_power_set,7,standard_focal_sets__full
9rg06rbr,run-20260407_045810-9rg06rbr,amazon_ratings,random_set,GAT,256,3,0.009890095414137628,0.09982364394307164,-1,False,full,False,False,False,0.6021839380264282,0.6016479134559631,0.15835553407669067,,0.6364043951034546,0.6019330620765686,0.6364858746528625,0.5,0.6363228559494019,0.5,65.0,3,full_power_set,7,standard_focal_sets__full
f64qw8o2,run-20260407_045913-f64qw8o2,amazon_ratings,random_set,GAT,256,3,0.012559312296399255,0.09687526174330792,-1,False,full,False,False,False,0.5970997214317322,0.59657883644104,0.15492017567157745,,0.6364043951034546,0.5969820618629456,0.6364858746528625,0.5,0.6363228559494019,0.5,63.0,3,full_power_set,7,standard_focal_sets__full
zwilrmwr,run-20260407_050015-zwilrmwr,amazon_ratings,random_set,GAT,128,3,0.010674934546537184,0.09146515854800824,-1,False,full,False,False,False,0.5966514945030212,0.5961237549781799,0.1529451459646225,,0.6364043951034546,0.5965436697006226,0.6364858746528625,0.5,0.6363228559494019,0.5,67.0,3,full_power_set,7,standard_focal_sets__full
lzodybm2,run-20260407_050057-lzodybm2,amazon_ratings,random_set,GAT,64,3,0.03707338110767437,0.09884652249848228,-1,False,full,False,False,False,0.5992273688316345,0.5987032651901245,0.1567598134279251,,0.6364043951034546,0.5990723967552185,0.6364858746528625,0.5,0.6363228559494019,0.5,60.0,3,full_power_set,7,standard_focal_sets__full
euld7lll,run-20260407_050129-euld7lll,amazon_ratings,random_set,GAT,256,3,0.008822196943095233,0.09874526072785238,-1,False,full,False,False,False,0.6058989763259888,0.6053488254547119,0.15904749929904938,,0.6364043951034546,0.6055526733398438,0.6364858746528625,0.5,0.6363228559494019,0.5,67.0,3,full_power_set,7,standard_focal_sets__full
6b8u2v0c,run-20260407_050232-6b8u2v0c,amazon_ratings,random_set,GAT,256,3,0.005538505269751045,0.08832641415990583,-1,False,full,False,False,False,0.5940096974372864,0.5934827923774719,0.15292470157146454,,0.6364043951034546,0.5939379930496216,0.6364858746528625,0.5,0.6363228559494019,0.5,73.0,3,full_power_set,7,standard_focal_sets__full
z0n81zv1,run-20260407_050349-z0n81zv1,amazon_ratings,random_set,GAT,128,3,0.0015771440752399832,0.09386875819904876,-1,False,full,False,False,False,0.5982029438018799,0.5976638793945312,0.15494391322135925,,0.6364043951034546,0.5984093546867371,0.6364858746528625,0.4845671057701111,0.6363228559494019,0.4879819452762604,138.0,3,full_power_set,7,standard_focal_sets__full
hpo3rvuk,run-20260407_050508-hpo3rvuk,amazon_ratings,random_set,GAT,64,3,0.022821223759986586,0.0547362671426576,-1,False,full,False,False,False,0.5162094235420227,0.5159024596214294,0.09004661440849304,,0.6364043951034546,0.516511082649231,0.6364858746528625,0.4829471707344055,0.6363228559494019,0.49650949239730835,61.0,3,full_power_set,7,standard_focal_sets__full
zq0imlmx,run-20260407_050545-zq0imlmx,amazon_ratings,random_set,GAT,64,3,0.04346546361348705,0.08355496045675442,-1,False,full,False,False,False,0.586817741394043,0.5863165259361267,0.14807943999767303,,0.6364043951034546,0.5866669416427612,0.6364858746528625,0.5005167126655579,0.6363228559494019,0.49978014826774597,57.0,3,full_power_set,7,standard_focal_sets__full
jf49qv4j,run-20260407_050612-jf49qv4j,amazon_ratings,random_set,GAT,256,3,0.0387693888720868,0.0853679001386747,-1,False,full,False,False,False,0.5890302658081055,0.588527262210846,0.14921599626541138,,0.6364043951034546,0.5888851284980774,0.6364858746528625,0.500191330909729,0.6363228559494019,0.5001589059829712,56.0,3,full_power_set,7,standard_focal_sets__full
2c4iemjv,run-20260407_050714-2c4iemjv,amazon_ratings,random_set,GAT,64,3,0.056959405427962274,0.09847477393788878,-1,False,full,False,False,False,0.5985873341560364,0.5980653166770935,0.15759781002998352,,0.6364043951034546,0.5983932614326477,0.6364858746528625,0.5173705220222473,0.6363228559494019,0.5149068832397461,58.0,3,full_power_set,7,standard_focal_sets__full
5iw0oaz1,run-20260407_050750-5iw0oaz1,amazon_ratings,random_set,GAT,256,3,0.03495053669676451,0.08401253341909323,-1,False,full,False,False,False,0.5883569717407227,0.587856113910675,0.14867088198661804,,0.6364043951034546,0.5881601572036743,0.6364858746528625,0.5,0.6363228559494019,0.5,57.0,3,full_power_set,7,standard_focal_sets__full
nunlwq9q,run-20260407_050854-nunlwq9q,amazon_ratings,random_set,GAT,64,3,0.06572930266224765,0.0844415913289681,-1,False,full,False,False,False,0.5896293520927429,0.5891262888908386,0.15085236728191376,,0.6364043951034546,0.5897069573402405,0.6364858746528625,0.5,0.6363228559494019,0.5,57.0,3,full_power_set,7,standard_focal_sets__full
eovsoe3q,run-20260407_050920-eovsoe3q,amazon_ratings,random_set,GAT,128,3,0.0335651658237322,0.09555810944895236,-1,False,full,False,False,False,0.5982654094696045,0.5977400541305542,0.15595035254955292,,0.6364043951034546,0.5981594324111938,0.6364858746528625,0.5,0.6363228559494019,0.5,58.0,3,full_power_set,7,standard_focal_sets__full
36nfp9zz,run-20260407_050957-36nfp9zz,amazon_ratings,random_set,GAT,64,3,0.007478814116275231,0.08963688463735994,-1,False,full,False,False,False,0.5953437685966492,0.5948176383972168,0.15225380659103394,,0.6364043951034546,0.5952078700065613,0.6364858746528625,0.5,0.6363228559494019,0.5,81.0,3,full_power_set,7,standard_focal_sets__full
lhlrphuh,run-20260407_051034-lhlrphuh,amazon_ratings,random_set,GAT,64,3,0.0713196234544622,0.09433036093604626,-1,False,full,False,False,False,0.5953136086463928,0.5947989225387573,0.1550082266330719,,0.6364043951034546,0.5955033302307129,0.6364858746528625,0.5,0.6363228559494019,0.5,57.0,3,full_power_set,7,standard_focal_sets__full
3ihyinzk,run-20260407_051110-3ihyinzk,amazon_ratings,random_set,GAT,128,3,0.04625863302543465,0.09418889480464182,-1,False,full,False,False,False,0.595212996006012,0.5946968793869019,0.15447163581848145,,0.6364043951034546,0.5953118205070496,0.6364858746528625,0.5,0.6363228559494019,0.5,57.0,3,full_power_set,7,standard_focal_sets__full
rry0b1cr,run-20260407_051148-rry0b1cr,amazon_ratings,random_set,GAT,128,3,0.05098458294063983,0.09583271015821626,-1,False,full,False,False,False,0.5974910855293274,0.5969709157943726,0.15714387595653534,,0.6364043951034546,0.5976715087890625,0.6364858746528625,0.5,0.6363228559494019,0.5,57.0,3,full_power_set,7,standard_focal_sets__full
181f75i4,run-20260407_051225-181f75i4,amazon_ratings,random_set,GAT,128,3,0.038601572041812485,0.08936410845358161,-1,False,full,False,False,False,0.593783438205719,0.5932686924934387,0.15375883877277374,,0.6364043951034546,0.5936064124107361,0.6364858746528625,0.5,0.6363228559494019,0.5,58.0,3,full_power_set,7,standard_focal_sets__full
r40tnoim,run-20260407_051302-r40tnoim,amazon_ratings,random_set,GAT,64,3,0.026298625884331944,0.09544792165555135,-1,False,full,False,False,False,0.5980998873710632,0.5975754857063293,0.1557253897190094,,0.6364043951034546,0.5980190634727478,0.6364858746528625,0.5,0.6363228559494019,0.5,64.0,3,full_power_set,7,standard_focal_sets__full
sgloyuav,run-20260407_051334-sgloyuav,amazon_ratings,random_set,GAT,128,3,0.03590085224496201,0.09939516594034778,-1,False,full,False,False,False,0.6006495356559753,0.600119948387146,0.15731756389141083,,0.6364043951034546,0.6005567312240601,0.6364858746528625,0.5,0.6363228559494019,0.5,59.0,3,full_power_set,7,standard_focal_sets__full
hgwo1352,run-20260407_051420-hgwo1352,amazon_ratings,random_set,GAT,64,3,0.061693676982713885,0.09031709338806396,-1,False,full,False,False,False,0.593136191368103,0.5926278233528137,0.15357480943202972,,0.6364043951034546,0.5929627418518066,0.6364858746528625,0.5,0.6363228559494019,0.5,58.0,3,full_power_set,7,standard_focal_sets__full
0upvlhdl,run-20260407_051447-0upvlhdl,amazon_ratings,random_set,GAT,64,3,0.041205052409732074,0.08953985279158738,-1,False,full,False,False,False,0.5949431657791138,0.5944259762763977,0.15306980907917023,,0.6364043951034546,0.5948225855827332,0.6364858746528625,0.5,0.6363228559494019,0.5,58.0,3,full_power_set,7,standard_focal_sets__full
szcejgj3,run-20260407_051523-szcejgj3,amazon_ratings,random_set,GAT,64,3,0.03729060997739296,0.09660309217584956,-1,False,full,False,False,False,0.5986403822898865,0.5981175303459167,0.15753649175167084,,0.6364043951034546,0.5984335541725159,0.6364858746528625,0.5,0.6363228559494019,0.5,60.0,3,full_power_set,7,standard_focal_sets__full
uupe4csy,run-20260407_051601-uupe4csy,amazon_ratings,random_set,GAT,128,3,0.05652157961334977,0.09048223269368998,-1,False,full,False,False,False,0.5945848822593689,0.5940729975700378,0.15519683063030243,,0.6364043951034546,0.594603419303894,0.6364858746528625,0.5,0.6363228559494019,0.5,57.0,3,full_power_set,7,standard_focal_sets__full
n34xd6yd,run-20260407_051638-n34xd6yd,amazon_ratings,random_set,GAT,64,3,0.03580402660260054,0.09285804594610211,-1,False,full,False,False,False,0.5959696173667908,0.5954501628875732,0.1536562740802765,,0.6364043951034546,0.5958572030067444,0.6364858746528625,0.5,0.6363228559494019,0.5,60.0,3,full_power_set,7,standard_focal_sets__full
cr34tw8m,run-20260407_051715-cr34tw8m,amazon_ratings,random_set,GAT,256,3,0.036108114898929226,0.08731094240410196,-1,False,full,False,False,False,0.591641902923584,0.5911312699317932,0.1512102484703064,,0.6364043951034546,0.5916097164154053,0.6364858746528625,0.5,0.6363228559494019,0.5,56.0,3,full_power_set,7,standard_focal_sets__full
myamdtl6,run-20260407_051817-myamdtl6,amazon_ratings,random_set,GAT,64,3,0.028809833517182887,0.0950119986187006,-1,False,full,False,False,False,0.5975307822227478,0.5970115065574646,0.15566402673721313,,0.6364043951034546,0.5976241230964661,0.6364858746528625,0.5,0.6363228559494019,0.5,61.0,3,full_power_set,7,standard_focal_sets__full
xbiejuxf,run-20260407_051854-xbiejuxf,amazon_ratings,random_set,GAT,64,3,0.033858546069669135,0.09880373363980258,-1,False,full,False,False,False,0.5988801717758179,0.5983563661575317,0.1563456952571869,,0.6364043951034546,0.5987335443496704,0.6364858746528625,0.5,0.6363228559494019,0.5,61.0,3,full_power_set,7,standard_focal_sets__full
iot3jnv3,run-20260407_051921-iot3jnv3,amazon_ratings,random_set,GAT,64,3,0.02641306560756213,0.0963994484944282,-1,False,full,False,False,False,0.5994153618812561,0.5988878011703491,0.1578405648469925,,0.6364043951034546,0.599390983581543,0.6364858746528625,0.5,0.6363228559494019,0.5,62.0,3,full_power_set,7,standard_focal_sets__full
4b5k54rs,run-20260407_051953-4b5k54rs,amazon_ratings,random_set,GAT,128,3,0.05792043951408009,0.09736444935649624,-1,False,full,False,False,False,0.5984538793563843,0.5979335904121399,0.15717294812202454,,0.6364043951034546,0.5984073877334595,0.6364858746528625,0.5,0.6363228559494019,0.5,56.0,3,full_power_set,7,standard_focal_sets__full
tv4ga3al,run-20260407_052030-tv4ga3al,amazon_ratings,random_set,GAT,64,3,0.04297155315889363,0.09782509461218662,-1,False,full,False,False,False,0.5976137518882751,0.5970922112464905,0.1553211808204651,,0.6364043951034546,0.5977477431297302,0.6364858746528625,0.5,0.6363228559494019,0.5,59.0,3,full_power_set,7,standard_focal_sets__full
yywalv1q,run-20260407_052106-yywalv1q,amazon_ratings,random_set,GAT,64,3,0.04899859602759643,0.0940624786063977,-1,False,full,False,False,False,0.59672611951828,0.5962081551551819,0.15633746981620789,,0.6364043951034546,0.5969010591506958,0.6364858746528625,0.5005223751068115,0.6363228559494019,0.49991077184677124,59.0,3,full_power_set,7,standard_focal_sets__full
0lz49hwf,run-20260407_052133-0lz49hwf,amazon_ratings,random_set,GAT,64,3,0.07112669053277137,0.0733868828524187,-1,False,full,False,False,False,0.5622347593307495,0.5617987513542175,0.13217802345752716,,0.6364043951034546,0.5620321035385132,0.6364858746528625,0.4999043345451355,0.6363228559494019,0.5,56.0,3,full_power_set,7,standard_focal_sets__full
drk1wlpl,run-20260407_052200-drk1wlpl,amazon_ratings,random_set,GAT,128,3,0.04816520151645092,0.09395115290208514,-1,False,full,False,False,False,0.5975335240364075,0.5970126390457153,0.1560615450143814,,0.6364043951034546,0.5973221063613892,0.6364858746528625,0.49987152218818665,0.6363228559494019,0.5,57.0,3,full_power_set,7,standard_focal_sets__full
w0lcjbmf,run-20260407_052237-w0lcjbmf,amazon_ratings,random_set,GAT,128,3,0.030962039870360204,0.09853927829051716,-1,False,full,False,False,False,0.6005530953407288,0.6000229120254517,0.15719012916088104,,0.6364043951034546,0.600351870059967,0.6364858746528625,0.5,0.6363228559494019,0.5,60.0,3,full_power_set,7,standard_focal_sets__full
63t9dhlr,run-20260407_052324-63t9dhlr,amazon_ratings,random_set,GAT,128,3,0.03672859850830107,0.09870414673532037,-1,False,full,False,False,False,0.5995357036590576,0.5990093350410461,0.15709105134010315,,0.6364043951034546,0.5994191765785217,0.6364858746528625,0.5,0.6363228559494019,0.5,57.0,3,full_power_set,7,standard_focal_sets__full
3xgb9fr0,run-20260407_052402-3xgb9fr0,amazon_ratings,random_set,GAT,64,3,0.022377147580384796,0.09313950022967434,-1,False,full,False,False,False,0.5973049998283386,0.5967839956283569,0.1567104607820511,,0.6364043951034546,0.597284197807312,0.6364858746528625,0.5,0.6363228559494019,0.5,64.0,3,full_power_set,7,standard_focal_sets__full
mw86vnd7,run-20260407_052433-mw86vnd7,amazon_ratings,random_set,GAT,128,3,0.038735668852609074,0.08629641276740924,-1,False,full,False,False,False,0.5905041694641113,0.5899962782859802,0.1503477245569229,,0.6364043951034546,0.5904543399810791,0.6364858746528625,0.5,0.6363228559494019,0.5,57.0,3,full_power_set,7,standard_focal_sets__full
gczaxrc6,run-20260407_052510-gczaxrc6,amazon_ratings,random_set,GAT,64,3,0.06141285120428634,0.09048815313806106,-1,False,full,False,False,False,0.5947780609130859,0.594261646270752,0.15569114685058594,,0.6364043951034546,0.5949622988700867,0.6364858746528625,0.5,0.6363228559494019,0.5,57.0,3,full_power_set,7,standard_focal_sets__full
dcjmpoma,run-20260407_052537-dcjmpoma,amazon_ratings,random_set,GAT,64,3,0.030636608731272743,0.09341510715660842,-1,False,full,False,False,False,0.5973048210144043,0.5967831015586853,0.1555563062429428,,0.6364043951034546,0.5973236560821533,0.6364858746528625,0.5,0.6363228559494019,0.5,62.0,3,full_power_set,7,standard_focal_sets__full
1tp3k4ov,run-20260407_052609-1tp3k4ov,amazon_ratings,random_set,GAT,64,3,0.01613944944225534,0.09692485425060032,-1,False,full,False,False,False,0.59747314453125,0.5969527363777161,0.15668873488903046,,0.6364043951034546,0.5975143909454346,0.6364858746528625,0.5,0.6363228559494019,0.5,68.0,3,full_power_set,7,standard_focal_sets__full
x1mbqpmh,run-20260407_052641-x1mbqpmh,amazon_ratings,random_set,GAT,64,3,0.06882331328528761,0.09558777578501348,-1,False,full,False,False,False,0.5986768007278442,0.5981543064117432,0.15681490302085876,,0.6364043951034546,0.5986610651016235,0.6364858746528625,0.5057249069213867,0.6363228559494019,0.5014002323150635,57.0,3,full_power_set,7,standard_focal_sets__full
7ox1vswu,run-20260407_052717-7ox1vswu,amazon_ratings,random_set,GAT,64,3,0.0318172174643959,0.09201865170594532,-1,False,full,False,False,False,0.59656822681427,0.5960480570793152,0.15449070930480957,,0.6364043951034546,0.5964972972869873,0.6364858746528625,0.5,0.6363228559494019,0.5,61.0,3,full_power_set,7,standard_focal_sets__full
kpyp2qlg,run-20260407_052754-kpyp2qlg,amazon_ratings,random_set,GAT,64,3,0.06006173694203092,0.08911794252321974,-1,False,full,False,False,False,0.5933045148849487,0.5927953124046326,0.15463121235370636,,0.6364043951034546,0.5932777523994446,0.6364858746528625,0.5,0.6363228559494019,0.5,58.0,3,full_power_set,7,standard_focal_sets__full
l7uqdmqx,run-20260407_052821-l7uqdmqx,amazon_ratings,random_set,GAT,64,3,0.026715605918407697,0.09693959033849808,-1,False,full,False,False,False,0.5994341969490051,0.5989071130752563,0.15682801604270935,,0.6364043951034546,0.5992792844772339,0.6364858746528625,0.5,0.6363228559494019,0.5,63.0,3,full_power_set,7,standard_focal_sets__full
2qj6fdsm,run-20260407_052853-2qj6fdsm,amazon_ratings,random_set,GAT,128,3,0.05735394296744384,0.0974768301758121,-1,False,full,False,False,False,0.5989291667938232,0.5984070301055908,0.15819524228572845,,0.6364043951034546,0.5989435911178589,0.6364858746528625,0.5,0.6363228559494019,0.5,56.0,3,full_power_set,7,standard_focal_sets__full
u5qkafxj,run-20260407_052930-u5qkafxj,amazon_ratings,random_set,GAT,128,3,0.054704273958539815,0.0968083191101136,-1,False,full,False,False,False,0.5984745621681213,0.5979532599449158,0.1575736254453659,,0.6364043951034546,0.5987587571144104,0.6364858746528625,0.5,0.6363228559494019,0.5,56.0,3,full_power_set,7,standard_focal_sets__full
0venied1,run-20260407_053007-0venied1,amazon_ratings,random_set,GAT,64,3,0.07632506431259943,0.09555512268690276,-1,False,full,False,False,False,0.5996804237365723,0.5991533994674683,0.1576872318983078,,0.6364043951034546,0.5995057225227356,0.6364858746528625,0.5,0.6363228559494019,0.5,56.0,3,full_power_set,7,standard_focal_sets__full
llpx6b4g,run-20260407_053034-llpx6b4g,amazon_ratings,random_set,GAT,64,3,0.058958314385628874,0.09228618110444452,-1,False,full,False,False,False,0.5941104292869568,0.5935989618301392,0.15383793413639069,,0.6364043951034546,0.5943097472190857,0.6364858746528625,0.5,0.6363228559494019,0.5,57.0,3,full_power_set,7,standard_focal_sets__full
ct6p9p03,run-20260407_053111-ct6p9p03,amazon_ratings,random_set,GAT,64,3,0.061773620818461064,0.09292647628812876,-1,False,full,False,False,False,0.5958226323127747,0.5953047871589661,0.1552550494670868,,0.6364043951034546,0.5959901809692383,0.6364858746528625,0.5,0.6363228559494019,0.5,57.0,3,full_power_set,7,standard_focal_sets__full
o7ezmvad,run-20260407_053139-o7ezmvad,amazon_ratings,random_set,GAT,128,3,0.05252691566170093,0.08945636505353427,-1,False,full,False,False,False,0.5937240123748779,0.5932143926620483,0.15353628993034363,,0.6364043951034546,0.5939453840255737,0.6364858746528625,0.500158429145813,0.6363228559494019,0.49986937642097473,56.0,3,full_power_set,7,standard_focal_sets__full
dbwrl5tu,run-20260407_053216-dbwrl5tu,amazon_ratings,random_set,GAT,64,3,0.05450971067752584,0.09888090281095248,-1,False,full,False,False,False,0.6004301905632019,0.5999013185501099,0.15814030170440674,,0.6364043951034546,0.6005493998527527,0.6364858746528625,0.5,0.6363228559494019,0.5,58.0,3,full_power_set,7,standard_focal_sets__full
hrexo0u6,run-20260407_053252-hrexo0u6,amazon_ratings,random_set,GAT,128,3,0.03360567675339124,0.03612957195670393,-1,False,full,False,False,False,0.4766665995121002,0.47650694847106934,0.04508241266012192,,0.6364043951034546,0.47647610306739807,0.6364858746528625,0.4737255573272705,0.6363228559494019,0.4809117317199707,55.0,3,full_power_set,7,standard_focal_sets__full
7er9pbx5,run-20260407_053330-7er9pbx5,amazon_ratings,random_set,GAT,256,2,0.009638265675719383,0.041221950651041214,-1,False,full,False,False,False,0.4786714017391205,0.47850242257118225,0.04545256122946739,,0.6364043951034546,0.47914353013038635,0.6364858746528625,0.4757046699523926,0.6363228559494019,0.4838353097438812,60.0,3,full_power_set,7,standard_focal_sets__full
ttae0r4l,run-20260407_053418-ttae0r4l,amazon_ratings,random_set,GAT,64,2,0.021307987466313516,0.023634058076625577,-1,False,full,False,False,False,0.46343788504600525,0.4633462131023407,0.02240784466266632,,0.6364043951034546,0.46359875798225403,0.6364858746528625,0.47512954473495483,0.6363228559494019,0.48330676555633545,67.0,3,full_power_set,7,standard_focal_sets__full
fbf0vwgg,run-20260407_053445-fbf0vwgg,amazon_ratings,random_set,GAT,64,2,0.06093549158921733,0.07742437757334847,-1,False,full,False,False,False,0.5726487636566162,0.5721849799156189,0.13943128287792206,,0.6364043951034546,0.57273930311203,0.6364858746528625,0.4815405309200287,0.6363228559494019,0.48625099658966064,56.0,3,full_power_set,7,standard_focal_sets__full
b7nbsfym,run-20260407_053516-b7nbsfym,amazon_ratings,random_set,GAT,64,3,0.045232246576286,0.03671304782120805,-1,False,full,False,False,False,0.47730112075805664,0.4771387577056885,0.046257708221673965,,0.6364043951034546,0.4776447117328644,0.6364858746528625,0.47470876574516296,0.6363228559494019,0.4820309281349182,56.0,3,full_power_set,7,standard_focal_sets__full
b0qhscjh,run-20260407_053543-b0qhscjh,amazon_ratings,random_set,GAT,64,3,0.0987340136752939,0.08056401469590625,-1,False,full,False,False,False,0.5810571908950806,0.5805734395980835,0.1430763155221939,,0.6364043951034546,0.5806805491447449,0.6364858746528625,0.5,0.6363228559494019,0.5,56.0,3,full_power_set,7,standard_focal_sets__full
5snvb7jf,run-20260407_053610-5snvb7jf,amazon_ratings,random_set,GAT,128,3,0.031078601918772465,0.0142510461580306,-1,False,full,False,False,False,0.45595258474349976,0.4559081792831421,0.01019315980374813,,0.6364043951034546,0.4563426077365875,0.6364858746528625,0.47426092624664307,0.6363228559494019,0.48216673731803894,62.0,3,full_power_set,7,standard_focal_sets__full
2379kc3b,run-20260407_053653-2379kc3b,amazon_ratings,random_set,GAT,256,3,0.028068355139207104,0.08448370509650677,-1,False,full,False,False,False,0.5890769958496094,0.58857661485672,0.15032508969306946,,0.6364043951034546,0.5891503095626831,0.6364858746528625,0.5,0.6363228559494019,0.49987155199050903,57.0,3,full_power_set,7,standard_focal_sets__full
j8fmgbup,run-20260407_053751-j8fmgbup,amazon_ratings,random_set,GAT,128,3,0.058452989397331755,0.04333307464881587,-1,False,full,False,False,False,0.4881851077079773,0.4879782795906067,0.05753491446375847,,0.6364043951034546,0.48875296115875244,0.6364858746528625,0.4741935431957245,0.6363228559494019,0.4820966124534607,54.0,3,full_power_set,7,standard_focal_sets__full
qj6kughn,run-20260407_053828-qj6kughn,amazon_ratings,random_set,GAT,256,2,0.04002025943037048,0.07718703191440864,-1,False,full,False,False,False,0.5722007751464844,0.5717375874519348,0.1379578560590744,,0.6364043951034546,0.5723012089729309,0.6364858746528625,0.4793933033943176,0.6363228559494019,0.485729843378067,55.0,3,full_power_set,7,standard_focal_sets__full
1e7lakbs,run-20260407_053910-1e7lakbs,amazon_ratings,random_set,GAT,64,3,0.055431486711506064,0.07012043237101595,-1,False,full,False,False,False,0.5560527443885803,0.5556329488754272,0.12497091293334961,,0.6364043951034546,0.5554504990577698,0.6364858746528625,0.5004754066467285,0.6363228559494019,0.4992903172969818,57.0,3,full_power_set,7,standard_focal_sets__full
t4b7d6ns,run-20260407_053937-t4b7d6ns,amazon_ratings,random_set,GAT,128,3,0.05437598146070741,0.04826704571244097,-1,False,full,False,False,False,0.49858149886131287,0.4983341693878174,0.07043734192848206,,0.6364043951034546,0.49902114272117615,0.6364858746528625,0.4801074266433716,0.6363228559494019,0.4895499646663666,55.0,3,full_power_set,7,standard_focal_sets__full
ilk7ypnk,run-20260407_054014-ilk7ypnk,amazon_ratings,random_set,GAT,256,2,0.08989511820123007,0.06272533268110976,-1,False,full,False,False,False,0.5249660611152649,0.5246340036392212,0.09908540546894073,,0.6364043951034546,0.5256805419921875,0.6364858746528625,0.47554245591163635,0.6363228559494019,0.48419806361198425,54.0,3,full_power_set,7,standard_focal_sets__full
4nrre6dj,run-20260407_054056-4nrre6dj,amazon_ratings,random_set,GAT,256,2,0.006275141372271408,0.02608518950489275,-1,False,full,False,False,False,0.4649357497692108,0.4648341238498688,0.026276078075170517,,0.6364043951034546,0.4652835428714752,0.6364858746528625,0.47527608275413513,0.6363228559494019,0.48350054025650024,73.0,3,full_power_set,7,standard_focal_sets__full
zo8gplc5,run-20260407_054148-zo8gplc5,amazon_ratings,random_set,GAT,64,2,0.05480811913939875,0.0953807634618267,-1,False,full,False,False,False,0.5971168875694275,0.5965964794158936,0.15545117855072021,,0.6364043951034546,0.5973507761955261,0.6364858746528625,0.49971023201942444,0.6363228559494019,0.4997735917568207,58.0,3,full_power_set,7,standard_focal_sets__full
e47euan8,run-20260407_054215-e47euan8,amazon_ratings,random_set,GAT,64,2,0.014761725306137173,0.04701501217123591,-1,False,full,False,False,False,0.4872630536556244,0.4870602488517761,0.05810704082250595,,0.6364043951034546,0.4874016344547272,0.6364858746528625,0.4755413830280304,0.6363228559494019,0.4835672974586487,64.0,3,full_power_set,7,standard_focal_sets__full
rv1lfhwn,run-20260407_054242-rv1lfhwn,amazon_ratings,random_set,GAT,256,2,0.08634495949508302,0.02554621122371936,-1,False,full,False,False,False,0.4640516936779022,0.46395522356033325,0.029329614713788033,,0.6364043951034546,0.4642649292945862,0.6364858746528625,0.475469172000885,0.6363228559494019,0.4836047887802124,54.0,3,full_power_set,7,standard_focal_sets__full
pc5yr5yg,run-20260407_054324-pc5yr5yg,amazon_ratings,random_set,GAT,64,3,0.006387671128984042,0.014993452461450353,-1,False,full,False,False,False,0.4565407633781433,0.45649102330207825,0.012626891024410725,,0.6364043951034546,0.4567990005016327,0.6364858746528625,0.47367632389068604,0.6363228559494019,0.48167282342910767,82.0,3,full_power_set,7,standard_focal_sets__full
5zcb8jev,run-20260407_054400-5zcb8jev,amazon_ratings,random_set,GAT,256,3,0.04415973138308719,0.00253822086999267,-1,False,full,False,False,False,0.45357775688171387,0.45355525612831116,0.010066742077469826,,0.6364043951034546,0.45233917236328125,0.6364858746528625,0.5213898420333862,0.6363228559494019,0.5121376514434814,69.0,3,full_power_set,7,standard_focal_sets__full
jk347hdy,run-20260407_054508-jk347hdy,amazon_ratings,random_set,GAT,64,3,0.03409471771703728,0.005157954163176153,-1,False,full,False,False,False,0.45215919613838196,0.4521435499191284,0.0030600870959460735,,0.6364043951034546,0.4523874819278717,0.6364858746528625,0.47241097688674927,0.6363228559494019,0.4806627035140991,65.0,3,full_power_set,7,standard_focal_sets__full
3s475di1,run-20260407_054540-3s475di1,amazon_ratings,random_set,GAT,256,3,0.03449478433652396,0.03933060352752393,-1,False,full,False,False,False,0.4813991189002991,0.4812188744544983,0.05104856565594673,,0.6364043951034546,0.48189228773117065,0.6364858746528625,0.4737110733985901,0.6363228559494019,0.48228567838668823,55.0,3,full_power_set,7,standard_focal_sets__full
3nbputma,run-20260407_054643-3nbputma,amazon_ratings,random_set,GAT,256,2,0.011406184721362863,0.0659234946917954,-1,False,full,False,False,False,0.5304782390594482,0.5301260948181152,0.10216010361909866,,0.6364043951034546,0.5308254957199097,0.6364858746528625,0.4763028025627136,0.6363228559494019,0.48400944471359253,61.0,3,full_power_set,7,standard_focal_sets__full
ox86t3gz,run-20260407_054731-ox86t3gz,amazon_ratings,random_set,GAT,64,3,0.07895566507979061,0.018136219541633324,-1,False,full,False,False,False,0.4585377871990204,0.4584762156009674,0.014149891212582588,,0.6364043951034546,0.45883607864379883,0.6364858746528625,0.47355562448501587,0.6363228559494019,0.4812960624694824,55.0,3,full_power_set,7,standard_focal_sets__full
m6tu2lid,run-20260407_054757-m6tu2lid,amazon_ratings,random_set,GAT,128,2,0.0826396972534268,0.01970647752994112,-1,False,full,False,False,False,0.460946261882782,0.460868775844574,0.020288603380322456,,0.6364043951034546,0.46089625358581543,0.6364858746528625,0.47447669506073,0.6363228559494019,0.48288074135780334,55.0,3,full_power_set,7,standard_focal_sets__full
4y3qoubw,run-20260407_054829-4y3qoubw,amazon_ratings,random_set,GAT,128,2,0.09233830113172652,0.04092752791618984,-1,False,full,False,False,False,0.4812060296535492,0.48102816939353943,0.051564984023571014,,0.6364043951034546,0.4801681339740753,0.6364858746528625,0.47566086053848267,0.6363228559494019,0.48390060663223267,54.0,3,full_power_set,7,standard_focal_sets__full
pm0208fc,run-20260407_054901-pm0208fc,amazon_ratings,random_set,GAT,128,2,0.054420075545437145,0.07057330755360798,-1,False,full,False,False,False,0.554351270198822,0.5539350509643555,0.12405908107757568,,0.6364043951034546,0.5537091493606567,0.6364858746528625,0.4733477532863617,0.6363228559494019,0.48528698086738586,55.0,3,full_power_set,7,standard_focal_sets__full
kmhfzu4h,run-20260407_054933-kmhfzu4h,amazon_ratings,random_set,GAT,64,3,0.03430931740168691,0.09400641639971924,-1,False,full,False,False,False,0.5967292189598083,0.5962089896202087,0.15540720522403717,,0.6364043951034546,0.5965911746025085,0.6364858746528625,0.4992976784706116,0.6363228559494019,0.4985915720462799,59.0,3,full_power_set,7,standard_focal_sets__full
ma7cw6le,run-20260407_055010-ma7cw6le,amazon_ratings,random_set,GAT,128,3,0.06859608874936719,0.09874495962644944,-1,False,full,False,False,False,0.5993900895118713,0.5988613367080688,0.1563199907541275,,0.6364043951034546,0.599204421043396,0.6364858746528625,0.5,0.6363228559494019,0.5,56.0,3,full_power_set,7,standard_focal_sets__full
j21sshd1,run-20260407_055047-j21sshd1,amazon_ratings,random_set,GAT,64,3,0.09968439730515692,0.08615233724236503,-1,False,full,False,False,False,0.5904031991958618,0.5898980498313904,0.15141649544239044,,0.6364043951034546,0.5901681184768677,0.6364858746528625,0.5,0.6363228559494019,0.5,55.0,3,full_power_set,7,standard_focal_sets__full
avko3q2q,run-20260407_055120-avko3q2q,amazon_ratings,random_set,GAT,128,3,0.01079485414653442,0.08733844162752048,-1,False,full,False,False,False,0.5897469520568848,0.5892363786697388,0.14824210107326508,,0.6364043951034546,0.5897777676582336,0.6364858746528625,0.4985596537590027,0.6363228559494019,0.49936002492904663,68.0,3,full_power_set,7,standard_focal_sets__full
fvs11l3p,run-20260407_055202-fvs11l3p,amazon_ratings,random_set,GAT,64,3,0.0839101052091554,0.09942230836797288,-1,False,full,False,False,False,0.6019323468208313,0.6014001369476318,0.16090138256549835,,0.6364043951034546,0.6016759276390076,0.6364858746528625,0.5,0.6363228559494019,0.5,56.0,3,full_power_set,7,standard_focal_sets__full
d1m2ysar,run-20260407_055229-d1m2ysar,amazon_ratings,random_set,GAT,128,3,0.0332579213119906,0.0888276606294111,-1,False,full,False,False,False,0.5941255688667297,0.5936102271080017,0.1537567377090454,,0.6364043951034546,0.5940435528755188,0.6364858746528625,0.5,0.6363228559494019,0.5,59.0,3,full_power_set,7,standard_focal_sets__full
q0e2a525,run-20260407_055305-q0e2a525,amazon_ratings,random_set,GAT,128,3,0.006557542209494081,0.08514983046529237,-1,False,full,False,False,False,0.586755096912384,0.5862500667572021,0.14633959531784058,,0.6364043951034546,0.5866287350654602,0.6364858746528625,0.5,0.6363228559494019,0.5,75.0,3,full_power_set,7,standard_focal_sets__full
zjj5b5go,run-20260407_055353-zjj5b5go,amazon_ratings,random_set,GAT,64,3,0.008014346883748916,0.09417681571104496,-1,False,full,False,False,False,0.6026324033737183,0.6020819544792175,0.15398722887039185,,0.6364043951034546,0.6024985909461975,0.6364858746528625,0.5,0.6363228559494019,0.5,80.0,3,full_power_set,7,standard_focal_sets__full
u06dcvs5,run-20260407_055430-u06dcvs5,amazon_ratings,random_set,GAT,64,3,0.05293528130804613,0.09883492228304006,-1,False,full,False,False,False,0.6002154350280762,0.599687397480011,0.15826117992401123,,0.6364043951034546,0.6003390550613403,0.6364858746528625,0.4951883554458618,0.6363228559494019,0.5014674067497253,58.0,3,full_power_set,7,standard_focal_sets__full
uydg6fl5,run-20260413_235612-uydg6fl5,cora,random_set,GAT,128,3,0.0022371333819193014,0.04631135887064738,-1,False,full,False,False,False,0.5493311882019043,0.5491201281547546,0.05715053901076317,,0.4655582010746002,0.5434530377388,0.485029935836792,0.5850910544395447,0.47151899337768555,0.5739437341690063,93.0,3,full_power_set,7,standard_focal_sets__full
t20m4cy3,run-20260413_235634-t20m4cy3,cora,random_set,GAT,128,2,0.038121309923224815,0.09606284878812128,-1,False,full,False,False,False,0.6280932426452637,0.6275704503059387,0.1557229608297348,,0.4655582010746002,0.6259564161300659,0.485029935836792,0.5,0.47151899337768555,0.5,59.0,3,full_power_set,7,standard_focal_sets__full
plp7m83u,run-20260413_235654-plp7m83u,cora,random_set,GAT,64,3,0.08760262944377253,0.03780555599339045,-1,False,full,False,False,False,0.5650668144226074,0.5647976398468018,0.07693106681108475,,0.4655582010746002,0.5600337386131287,0.485029935836792,0.3876301348209381,0.47151899337768555,0.3772832155227661,53.0,3,full_power_set,7,standard_focal_sets__full
rhk1qpp8,run-20260413_235706-rhk1qpp8,cora,random_set,GAT,128,3,0.01467095526053575,0.02069453854517763,-1,False,full,False,False,False,0.22934949398040771,0.22926707565784454,0.024713367223739624,,0.7814726829528809,0.2365018129348755,0.796407163143158,0.8195950388908386,0.7816455960273743,0.8357645869255066,200.0,3,full_power_set,7,standard_focal_sets__full
gs1k02nf,run-20260413_235737-gs1k02nf,cora,random_set,GAT,256,3,0.0030026457615402215,0.025086547954326875,-1,False,full,False,False,False,0.26140013337135315,0.2613025903701782,0.03175994008779526,,0.7814726829528809,0.2633912265300751,0.802395224571228,0.7822732925415039,0.7848101258277893,0.8003506660461426,200.0,3,full_power_set,7,standard_focal_sets__full
ey8fkiep,run-20260413_235819-ey8fkiep,cora,random_set,GAT,256,3,0.0281728644779478,0.0266136560157798,-1,False,full,False,False,False,0.27148231863975525,0.2713775932788849,0.03035574033856392,,0.7790973782539368,0.2728852927684784,0.802395224571228,0.7906888127326965,0.7848101258277893,0.8082019686698914,153.0,3,full_power_set,7,standard_focal_sets__full
xi7bvu41,run-20260413_235851-xi7bvu41,cora,random_set,GAT,256,3,0.016441354300443307,0.013532751038997596,-1,False,full,False,False,False,0.06421215087175369,0.06416591256856918,0.015663992613554,,0.9833729267120361,0.11067386716604233,0.9520958065986633,0.8766791224479675,0.9335442781448364,0.8824973106384277,186.0,3,full_power_set,7,standard_focal_sets__full
a8zyg70o,run-20260413_235928-a8zyg70o,cora,random_set,GAT,256,3,0.009955911753062334,0.007244967517152614,-1,False,full,False,False,False,0.029948106035590172,0.029924703761935234,0.009032808244228363,,0.9976246953010559,0.10203389823436737,0.940119743347168,0.8919458389282227,0.952531635761261,0.908311128616333,96.0,3,full_power_set,7,standard_focal_sets__full
3e5nfuay,run-20260413_235959-3e5nfuay,cora,random_set,GAT,256,3,0.023410047983128873,0.009413955071950884,-1,False,full,False,False,False,0.042721547186374664,0.0426955409348011,0.008759950287640095,,0.9881235361099243,0.12722152471542358,0.9281437397003174,0.8359137177467346,0.9398733973503113,0.847069501876831,96.0,3,full_power_set,7,standard_focal_sets__full
dytxwr6i,run-20260414_000022-dytxwr6i,cora,random_set,GAT,256,3,0.012030245503836022,0.0017221511581408783,-1,False,full,False,False,False,0.006409301422536373,0.00640515424311161,0.001650117919780314,,0.9976246953010559,0.12453711777925491,0.9341317415237427,0.8942115306854248,0.9335442781448364,0.904313862323761,79.0,3,full_power_set,7,standard_focal_sets__full
s4zrhup2,run-20260414_000044-s4zrhup2,cora,random_set,GAT,256,3,0.002945414538944966,0.00021696862479233584,-1,False,full,False,False,False,0.002290064236149192,0.00228972383774817,0.0003293862973805517,,0.9976246953010559,0.14664000272750854,0.946107804775238,0.8622754812240601,0.9303797483444214,0.8999671339988708,63.0,3,full_power_set,7,standard_focal_sets__full
ahhd42kp,run-20260414_000109-ahhd42kp,cora,random_set,GAT,256,3,0.005305346606917277,0.05151130385259349,-1,False,full,False,False,False,0.5785849690437317,0.578248918056488,0.08963875472545624,,0.4655582010746002,0.5744033455848694,0.485029935836792,0.5937225222587585,0.47151899337768555,0.5847652554512024,65.0,3,full_power_set,7,standard_focal_sets__full
uyxfffx7,run-20260414_000127-uyxfffx7,cora,random_set,GAT,256,2,0.0063223604931077195,0.002077843754502025,-1,False,full,False,False,False,0.00876658596098423,0.008761174976825714,0.0022938901092857122,,0.9976246953010559,0.11497657746076584,0.9520958065986633,0.8739997148513794,0.9430379867553711,0.874671459197998,82.0,3,full_power_set,7,standard_focal_sets__full
ejkl1ly8,run-20260414_000143-ejkl1ly8,cora,random_set,GAT,256,3,0.013990180162752063,0.00033699559150450963,-1,False,full,False,False,False,0.0031746274325996637,0.00317349168471992,0.0005546780885197222,,0.9976246953010559,0.17294472455978394,0.946107804775238,0.8980957269668579,0.9240506291389465,0.8941261768341064,107.0,3,full_power_set,7,standard_focal_sets__full
z1ht8vrc,run-20260414_000209-z1ht8vrc,cora,random_set,GAT,256,2,0.0017516793793185548,0.00014263034259134275,-1,False,full,False,False,False,0.002172218170017004,0.002171876607462764,0.00026587527827359736,,0.9976246953010559,0.1696743667125702,0.946107804775238,0.9121036529541016,0.9430379867553711,0.9021924734115601,72.0,3,full_power_set,7,standard_focal_sets__full
gux6qh54,run-20260414_000226-gux6qh54,cora,random_set,GAT,128,2,0.0035815270998205027,0.005006058404362266,-1,False,full,False,False,False,0.021217677742242813,0.021204708144068718,0.005474293604493141,,0.9976246953010559,0.08769797533750534,0.9580838084220886,0.884339451789856,0.9398733973503113,0.8711971044540405,102.0,3,full_power_set,7,standard_focal_sets__full
yoqc5jia,run-20260414_000242-yoqc5jia,cora,random_set,GAT,256,2,0.004436528387566568,0.0033625727258460645,-1,False,full,False,False,False,0.01493015605956316,0.014919934794306755,0.003943672403693199,,0.9976246953010559,0.08351126313209534,0.9520958065986633,0.8759777545928955,0.9398733973503113,0.8857196569442749,111.0,3,full_power_set,7,standard_focal_sets__full
xjof2pyh,run-20260414_000303-xjof2pyh,cora,random_set,GAT,256,2,0.0035354283746142855,0.008952458055430549,-1,False,full,False,False,False,0.040487922728061676,0.04046512767672539,0.00857557076960802,,0.9952493906021118,0.11617564409971237,0.940119743347168,0.8817859888076782,0.9462025165557861,0.8691520690917969,110.0,3,full_power_set,7,standard_focal_sets__full
0lv3rhhm,run-20260414_000325-0lv3rhhm,cora,random_set,GAT,128,2,0.00815928990260437,0.0009845465253163098,-1,False,full,False,False,False,0.0060594710521399975,0.006056360900402069,0.001541605917736888,,0.9976246953010559,0.09291384369134903,0.946107804775238,0.8787649869918823,0.9335442781448364,0.8928862810134888,60.0,3,full_power_set,7,standard_focal_sets__full
dl17h7d7,run-20260414_000345-dl17h7d7,cora,random_set,GAT,256,2,0.01391587436766683,0.010416080781033668,-1,False,full,False,False,False,0.051268234848976135,0.051235586404800415,0.011428972706198692,,0.9952493906021118,0.11341901123523712,0.946107804775238,0.8757259845733643,0.9367088675498962,0.871668815612793,74.0,3,full_power_set,7,standard_focal_sets__full
im962q1p,run-20260414_000402-im962q1p,cora,random_set,GAT,256,2,0.019781482335984004,0.018543191333663413,-1,False,full,False,False,False,0.22873681783676147,0.22863434255123138,0.030276969075202942,,0.783847987651825,0.24879305064678192,0.796407163143158,0.7821474075317383,0.7784810066223145,0.7693158388137817,59.0,3,full_power_set,7,standard_focal_sets__full
riq879kx,run-20260414_000418-riq879kx,cora,random_set,GAT,256,3,0.006705972266352456,0.0005846550419561803,-1,False,full,False,False,False,0.04731869697570801,0.04731464013457298,0.003230082569643855,,0.9714964628219604,0.2667117416858673,0.886227548122406,0.833288311958313,0.9082278609275818,0.8366042971611023,105.0,3,full_power_set,7,standard_focal_sets__full
q8qus8uy,run-20260414_000445-q8qus8uy,cora,random_set,GAT,256,2,0.010500779941743673,0.004775107528419977,-1,False,full,False,False,False,0.02111247554421425,0.021097591146826744,0.005723584908992052,,0.9976246953010559,0.08976897597312927,0.9520958065986633,0.8460556268692017,0.9398733973503113,0.8597739934921265,81.0,3,full_power_set,7,standard_focal_sets__full
p25g43n4,run-20260414_000511-p25g43n4,cora,random_set,GAT,128,2,0.009433273358828136,0.012607702149975766,-1,False,full,False,False,False,0.06724896281957626,0.067206472158432,0.014772577211260796,,0.9928740859031677,0.12736628949642181,0.946107804775238,0.8134722113609314,0.9398733973503113,0.8243485689163208,89.0,3,full_power_set,7,standard_focal_sets__full
kpw2vi6m,run-20260414_000528-kpw2vi6m,cora,random_set,GAT,128,2,0.008888402362252133,0.002617630927695622,-1,False,full,False,False,False,0.011593857780098915,0.011586072854697704,0.00324366451241076,,0.9976246953010559,0.09319767355918884,0.9580838084220886,0.8315801024436951,0.9272152185440063,0.8556240200996399,80.0,3,full_power_set,7,standard_focal_sets__full
6a0m2jb5,run-20260414_000544-6a0m2jb5,cora,random_set,GAT,256,3,0.00834548895975399,0.0038488535211767382,-1,False,full,False,False,False,0.012562721967697144,0.012553563341498375,0.0037118075415492058,,0.9976246953010559,0.08131802082061768,0.9520958065986633,0.8862454891204834,0.9398733973503113,0.905785083770752,105.0,3,full_power_set,7,standard_focal_sets__full
4xt2ivkk,run-20260414_000610-4xt2ivkk,cora,random_set,GAT,256,2,0.022150019841404404,0.014080341409033904,-1,False,full,False,False,False,0.101798877120018,0.10174183547496796,0.019999545067548752,,0.9738717079162598,0.14212526381015778,0.9520958065986633,0.8688928484916687,0.9462025165557861,0.879358172416687,70.0,3,full_power_set,7,standard_focal_sets__full
eiytw0w2,run-20260414_000627-eiytw0w2,cora,random_set,GAT,256,2,0.020598752731223493,0.014743497828922083,-1,False,full,False,False,False,0.10701511055231094,0.10695675015449524,0.019667450338602066,,0.9714964628219604,0.14637328684329987,0.9520958065986633,0.8707989454269409,0.9430379867553711,0.8810977339744568,71.0,3,full_power_set,7,standard_focal_sets__full
wxlwayxe,run-20260414_000643-wxlwayxe,cora,random_set,GAT,128,3,0.001842641747415836,0.018255578811757375,-1,False,full,False,False,False,0.2297438383102417,0.2296648770570755,0.03471703454852104,,0.783847987651825,0.23373965919017792,0.802395224571228,0.7866789102554321,0.7848101258277893,0.8017154932022095,200.0,3,full_power_set,7,standard_focal_sets__full
2362nz8a,run-20260414_000719-2362nz8a,cora,random_set,GAT,256,2,0.00014109592435244625,0.007506487277319504,-1,False,full,False,False,False,0.2389991581439972,0.23890329897403717,0.026638254523277283,,0.786223292350769,0.2558305859565735,0.7904191613197327,0.7612343430519104,0.7879746556282043,0.7766950726509094,200.0,3,full_power_set,7,standard_focal_sets__full
0wt3rwy0,run-20260414_000752-0wt3rwy0,cora,random_set,GAT,64,3,0.0218732296621099,0.0025329802736655913,-1,False,full,False,False,False,0.00823170505464077,0.00822493340820074,0.00270780804567039,,0.9976246953010559,0.11905020475387573,0.946107804775238,0.9030587673187256,0.9303797483444214,0.9125676155090332,89.0,3,full_power_set,7,standard_focal_sets__full
tl5jr1fx,run-20260414_000808-tl5jr1fx,cora,random_set,GAT,64,2,0.004976675124627876,0.003980439314052477,-1,False,full,False,False,False,0.01756145991384983,0.017548929899930954,0.004695272073149681,,0.9976246953010559,0.08150065690279007,0.9640718698501587,0.8350865840911865,0.9335442781448364,0.8602089285850525,102.0,3,full_power_set,7,standard_focal_sets__full
stt6hi7t,run-20260414_000824-stt6hi7t,cora,random_set,GAT,64,2,0.01940445402557953,0.09115165525703917,-1,False,full,False,False,False,0.6261351704597473,0.6256211996078491,0.1543741524219513,,0.4655582010746002,0.6241953372955322,0.485029935836792,0.5,0.47151899337768555,0.5008512735366821,64.0,3,full_power_set,7,standard_focal_sets__full
iw3wwirk,run-20260414_000835-iw3wwirk,cora,random_set,GAT,64,3,0.06217842064289498,0.02630213504927746,-1,False,full,False,False,False,0.26662594079971313,0.2665228545665741,0.03368730470538139,,0.7814726829528809,0.26828381419181824,0.796407163143158,0.7418316006660461,0.7816455960273743,0.7526694536209106,181.0,3,full_power_set,7,standard_focal_sets__full
1asu97hw,run-20260414_000856-1asu97hw,cora,random_set,GAT,256,3,0.02286544332963368,0.031204455147314857,-1,False,full,False,False,False,0.2871512770652771,0.2870270311832428,0.03669171407818794,,0.7790973782539368,0.289148211479187,0.796407163143158,0.7478736042976379,0.7816455960273743,0.763569712638855,200.0,3,full_power_set,7,standard_focal_sets__full
kwqa6y16,run-20260414_000943-kwqa6y16,cora,random_set,GAT,64,2,0.0903680965706432,0.06715341031465252,-1,False,full,False,False,False,0.6130242347717285,0.6125533580780029,0.13930955529212952,,0.4655582010746002,0.6103024482727051,0.485029935836792,0.4823685884475708,0.47151899337768555,0.49063822627067566,56.0,3,full_power_set,7,standard_focal_sets__full
vu7a3tzc,run-20260414_000955-vu7a3tzc,cora,random_set,GAT,256,2,0.031346775243282415,0.010454987566927565,-1,False,full,False,False,False,0.0606369785964489,0.06059475988149643,0.015156319364905357,,0.9881235361099243,0.10431884974241257,0.940119743347168,0.8423871994018555,0.9367088675498962,0.8503127694129944,69.0,3,full_power_set,7,standard_focal_sets__full
x21h9s7g,run-20260414_001011-x21h9s7g,cora,random_set,GAT,64,3,0.031189871072716372,0.01346279553811288,-1,False,full,False,False,False,0.06300940364599228,0.06296389549970627,0.015276148915290833,,0.9833729267120361,0.10502579063177109,0.9580838084220886,0.885526180267334,0.9398733973503113,0.895430862903595,200.0,3,full_power_set,7,standard_focal_sets__full
c576c02e,run-20260414_001038-c576c02e,cora,random_set,GAT,128,3,0.012228553692759462,0.007158206623139547,-1,False,full,False,False,False,0.02488720789551735,0.024867476895451546,0.007369976956397295,,0.9976246953010559,0.10817630589008331,0.946107804775238,0.8043732643127441,0.9335442781448364,0.8288131952285767,86.0,3,full_power_set,7,standard_focal_sets__full
r5qb5kv9,run-20260414_001054-r5qb5kv9,cora,random_set,GAT,256,2,0.017390223897242596,0.009783611751696885,-1,False,full,False,False,False,0.04927854239940643,0.049246497452259064,0.011666993610560894,,0.9952493906021118,0.1084543764591217,0.946107804775238,0.8810307383537292,0.9367088675498962,0.8771976828575134,73.0,3,full_power_set,7,standard_focal_sets__full
qqa819ya,run-20260414_001110-qqa819ya,cora,random_set,GAT,64,2,0.004805152188021863,0.0021496057194636984,-1,False,full,False,False,False,0.013036114163696766,0.013027570210397243,0.0037165465764701366,,0.9976246953010559,0.09061019867658615,0.940119743347168,0.8831526041030884,0.9430379867553711,0.8803991675376892,78.0,3,full_power_set,7,standard_focal_sets__full
0p45vt2w,run-20260414_001131-0p45vt2w,cora,random_set,GAT,256,2,0.01111327111863876,0.006154867324484645,-1,False,full,False,False,False,0.032322872430086136,0.032303355634212494,0.007161715067923069,,0.9952493906021118,0.09840622544288635,0.946107804775238,0.882882833480835,0.9398733973503113,0.8756200075149536,71.0,3,full_power_set,7,standard_focal_sets__full
379j62l6,run-20260414_001149-379j62l6,cora,random_set,GAT,256,3,0.05801737903215773,0.0811568990106656,-1,False,full,False,False,False,0.6211082935333252,0.6206119656562805,0.1500343382358551,,0.4655582010746002,0.6187936067581177,0.485029935836792,0.5,0.47151899337768555,0.5,55.0,3,full_power_set,7,standard_focal_sets__full
36y197uf,run-20260414_001205-36y197uf,cora,random_set,GAT,256,2,0.01915161685727804,0.05986840544341591,-1,False,full,False,False,False,0.5893340110778809,0.5889534950256348,0.11089254170656204,,0.4655582010746002,0.5867226123809814,0.485029935836792,0.6333190202713013,0.47151899337768555,0.6419169902801514,56.0,3,full_power_set,7,standard_focal_sets__full
k05dq9vj,run-20260414_001222-k05dq9vj,cora,random_set,GAT,128,2,0.022642443557092076,0.02707149008014936,-1,False,full,False,False,False,0.28909486532211304,0.28897610306739807,0.034631550312042236,,0.7814726829528809,0.2940768599510193,0.796407163143158,0.7708906531333923,0.7848101258277893,0.7764290571212769,65.0,3,full_power_set,7,standard_focal_sets__full
6asizrbk,run-20260414_001243-6asizrbk,cora,random_set,GAT,64,3,0.08140442228549907,0.06769594140218764,-1,False,full,False,False,False,0.6124266982078552,0.6119608879089355,0.14014899730682373,,0.4655582010746002,0.6099490523338318,0.485029935836792,0.5,0.47151899337768555,0.5,55.0,3,full_power_set,7,standard_focal_sets__full
qq3wsxdv,run-20260414_001254-qq3wsxdv,cora,random_set,GAT,64,3,0.011899037903250344,0.010363660959459894,-1,False,full,False,False,False,0.04619375243782997,0.04616210237145424,0.011198804713785648,,0.9881235361099243,0.10485949367284775,0.940119743347168,0.8688929080963135,0.9556962251663208,0.879473865032196,200.0,3,full_power_set,7,standard_focal_sets__full
59b4nhl0,run-20260414_001326-59b4nhl0,cora,random_set,GAT,128,2,0.008163811394666952,0.024586321736643147,-1,False,full,False,False,False,0.2759263813495636,0.2758204936981201,0.03004247136414051,,0.7814726829528809,0.2875170111656189,0.796407163143158,0.7947168946266174,0.7848101258277893,0.7975516319274902,71.0,3,full_power_set,7,standard_focal_sets__full
aq8pwrv7,run-20260414_001342-aq8pwrv7,cora,random_set,GAT,256,3,0.030516436580357437,0.0010287594249257185,-1,False,full,False,False,False,0.0051225521601736546,0.005120950751006603,0.000883081229403615,,0.9976246953010559,0.14886952936649323,0.9341317415237427,0.8933125138282776,0.9335442781448364,0.8920742273330688,119.0,3,full_power_set,7,standard_focal_sets__full
1ost430x,run-20260414_001408-1ost430x,cora,random_set,GAT,128,3,0.027934797709628235,0.011508774975040431,-1,False,full,False,False,False,0.053096920251846313,0.05305810272693634,0.013867028057575226,,0.9881235361099243,0.11891104280948639,0.940119743347168,0.8597579598426819,0.9335442781448364,0.8591957688331604,123.0,3,full_power_set,7,standard_focal_sets__full
8613rayc,run-20260414_001430-8613rayc,cora,random_set,GAT,128,3,0.03543583055978236,0.00019898422018008543,-1,False,full,False,False,False,0.04102890193462372,0.041016578674316406,0.012321844696998596,,0.9904988408088684,0.5772860646247864,0.8922155499458313,0.7590584754943848,0.8955696225166321,0.7768593430519104,66.0,3,full_power_set,7,standard_focal_sets__full
be52i9w2,run-20260414_001517-be52i9w2,cora,random_set,GAT,128,3,0.015451070381624715,0.004407841688802285,-1,False,full,False,False,False,0.03501835837960243,0.035001616925001144,0.008698138408362865,,0.9881235361099243,0.14505548775196075,0.9041916131973267,0.849544107913971,0.9145569801330566,0.8692307472229004,84.0,3,full_power_set,7,standard_focal_sets__full
yxcyt86m,run-20260414_001534-yxcyt86m,cora,random_set,GAT,256,2,0.01631004919338843,0.014201658321647171,-1,False,full,False,False,False,0.10006111860275269,0.09999861568212509,0.023433785885572433,,0.9738717079162598,0.1503494828939438,0.9281437397003174,0.7535739541053772,0.9367088675498962,0.7731743454933167,72.0,3,full_power_set,7,standard_focal_sets__full
xrkoauiw,run-20260414_001550-xrkoauiw,cora,random_set,GAT,128,3,0.07086919113013547,0.06136802825087955,-1,False,full,False,False,False,0.6040987372398376,0.6036630272865295,0.13043689727783203,,0.4655582010746002,0.6010209918022156,0.485029935836792,0.5,0.47151899337768555,0.5,55.0,3,full_power_set,7,standard_focal_sets__full
80mvzb29,run-20260414_001606-80mvzb29,cora,random_set,GAT,64,3,0.09063001903921304,0.010477926594619325,-1,False,full,False,False,False,0.04617193713784218,0.04614493250846863,0.009118071757256985,,0.9857482314109802,0.10548368841409683,0.9281437397003174,0.7975940108299255,0.9430379867553711,0.8210175037384033,99.0,3,full_power_set,7,standard_focal_sets__full
ic2p2wqj,run-20260414_001622-ic2p2wqj,cora,random_set,GAT,128,3,0.051182756117236994,0.09662582206496406,-1,False,full,False,False,False,0.6281046867370605,0.627583920955658,0.1569586545228958,,0.4655582010746002,0.6262316703796387,0.485029935836792,0.5,0.47151899337768555,0.5,66.0,3,full_power_set,7,standard_focal_sets__full
rqyw57mu,run-20260414_001639-rqyw57mu,cora,random_set,GAT,64,3,0.010259185813307176,0.08658195161307519,-1,False,full,False,False,False,0.6241565346717834,0.6236481666564941,0.15185898542404175,,0.4655582010746002,0.6219189763069153,0.485029935836792,0.5,0.47151899337768555,0.5,172.0,3,full_power_set,7,standard_focal_sets__full
rndbvduw,run-20260414_001700-rndbvduw,cora,random_set,GAT,256,3,0.06164617931837413,0.015797994393251254,-1,False,full,False,False,False,0.171121746301651,0.17102009057998657,0.02353552170097828,,0.91923987865448,0.1865278035402298,0.9221556782722473,0.7739835977554321,0.9145569801330566,0.7676409482955933,152.0,3,full_power_set,7,standard_focal_sets__full
jrnfje7s,run-20260414_001741-jrnfje7s,cora,random_set,GAT,64,2,0.024189912896896405,0.056625371728267655,-1,False,full,False,False,False,0.5749019384384155,0.5745772123336792,0.09429457038640976,,0.4655582010746002,0.5707700848579407,0.485029935836792,0.6167575120925903,0.47151899337768555,0.6237855553627014,58.0,3,full_power_set,7,standard_focal_sets__full
wm8823xe,run-20260414_001753-wm8823xe,cora,random_set,GAT,128,2,0.015474652408691949,0.0007505002066440817,-1,False,full,False,False,False,0.004876866936683655,0.0048742750659585,0.0012706671841442585,,0.9976246953010559,0.09574256837368011,0.9520958065986633,0.8672564625740051,0.9430379867553711,0.8854004740715027,104.0,3,full_power_set,7,standard_focal_sets__full
7uhg5wzu,run-20260414_001809-7uhg5wzu,cora,random_set,GAT,256,3,0.0860821268615683,0.07688965109300949,-1,False,full,False,False,False,0.6187266111373901,0.6182370185852051,0.14633238315582275,,0.4655582010746002,0.6164403557777405,0.485029935836792,0.5193216800689697,0.47151899337768555,0.5303964018821716,52.0,3,full_power_set,7,standard_focal_sets__full
qma4mhm3,run-20260414_001825-qma4mhm3,cora,random_set,GAT,256,3,0.0702450634596165,0.057393554474770014,-1,False,full,False,False,False,0.5963747501373291,0.5959682464599609,0.12123396247625351,,0.4655582010746002,0.59293532371521,0.485029935836792,0.4940299391746521,0.47151899337768555,0.4955029785633087,53.0,3,full_power_set,7,standard_focal_sets__full
9cpprzsh,run-20260414_001842-9cpprzsh,cora,random_set,GAT,64,2,0.042683091322681874,0.02007175111170332,-1,False,full,False,False,False,0.23575125634670258,0.2356460988521576,0.031918302178382874,,0.783847987651825,0.24150410294532776,0.802395224571228,0.7608566284179688,0.7879746556282043,0.7588228583335876,59.0,3,full_power_set,7,standard_focal_sets__full
r0tf6krh,run-20260414_001853-r0tf6krh,cora,random_set,GAT,64,3,0.04544258456671316,0.08483055401600093,-1,False,full,False,False,False,0.6240572929382324,0.623547375202179,0.1500750333070755,,0.4655582010746002,0.6216469407081604,0.485029935836792,0.5,0.47151899337768555,0.5,58.0,3,full_power_set,7,standard_focal_sets__full
3trx58ln,run-20260414_001904-3trx58ln,cora,random_set,GAT,64,3,0.0014077346701534088,0.019220971324409628,-1,False,full,False,False,False,0.2386913299560547,0.2386115938425064,0.03308080509305,,0.7814726829528809,0.24198779463768005,0.802395224571228,0.795651912689209,0.7848101258277893,0.811151385307312,200.0,3,full_power_set,7,standard_focal_sets__full
lk9x6oa0,run-20260414_001935-lk9x6oa0,cora,random_set,GAT,256,2,0.07502295106834712,0.09715792457209424,-1,False,full,False,False,False,0.6288884282112122,0.6283633708953857,0.15581931173801422,,0.4655582010746002,0.6270719170570374,0.485029935836792,0.5,0.47151899337768555,0.5,55.0,3,full_power_set,7,standard_focal_sets__full
o1o11hb6,run-20260414_001957-o1o11hb6,cora,random_set,GAT,64,3,0.03798124569120918,0.0016908421669841922,-1,False,full,False,False,False,0.006254727952182293,0.006250470876693726,0.0017124168807640672,,0.9976246953010559,0.09596910327672958,0.946107804775238,0.8854003548622131,0.9303797483444214,0.8897493481636047,81.0,3,full_power_set,7,standard_focal_sets__full
t0d4s6xg,run-20260414_002018-t0d4s6xg,cora,random_set,GAT,128,3,0.012044961015620404,0.006680103975596727,-1,False,full,False,False,False,0.027206825092434883,0.027186399325728416,0.0075088064186275005,,0.9952493906021118,0.10563697665929794,0.9221556782722473,0.877776026725769,0.9556962251663208,0.9091624021530151,84.0,3,full_power_set,7,standard_focal_sets__full
r8prwlyr,run-20260414_002035-r8prwlyr,cora,random_set,GAT,64,3,0.05602538100079824,0.05484050045711295,-1,False,full,False,False,False,0.594002366065979,0.5936039686203003,0.11681339889764786,,0.4655582010746002,0.590499997138977,0.485029935836792,0.5,0.47151899337768555,0.5,56.0,3,full_power_set,7,standard_focal_sets__full
2za2fp7u,run-20260414_002046-2za2fp7u,cora,random_set,GAT,256,3,0.08360429881151585,0.04992985215352715,-1,False,full,False,False,False,0.5839240550994873,0.5835679769515991,0.10490404814481735,,0.4655582010746002,0.5804391503334045,0.485029935836792,0.5014744997024536,0.47151899337768555,0.4996298551559448,55.0,3,full_power_set,7,standard_focal_sets__full
smb05h6e,run-20260414_002103-smb05h6e,cora,random_set,GAT,64,2,0.08429749564385763,0.0007038985991880038,-1,False,full,False,False,False,0.04742468148469925,0.047416623681783676,0.00710532208904624,,0.9881235361099243,0.3797138035297394,0.8742514848709106,0.7958137392997742,0.8892405033111572,0.7880672216415405,103.0,3,full_power_set,7,standard_focal_sets__full
j6xkk1yv,run-20260414_002119-j6xkk1yv,cora,random_set,GAT,256,3,0.06437514672463542,0.03485357833567449,-1,False,full,False,False,False,0.3027293384075165,0.3025832176208496,0.04281165823340416,,0.7790973782539368,0.30496272444725037,0.7904191613197327,0.7192642092704773,0.7816455960273743,0.7339250445365906,191.0,3,full_power_set,7,standard_focal_sets__full
8rbjgzik,run-20260414_002206-8rbjgzik,cora,random_set,GAT,64,3,0.05032542254833721,0.07025659973244873,-1,False,full,False,False,False,0.6145339608192444,0.6140599250793457,0.1428457349538803,,0.4655582010746002,0.6119897365570068,0.485029935836792,0.5,0.47151899337768555,0.5,57.0,3,full_power_set,7,standard_focal_sets__full
mo0fjnv6,run-20260414_002217-mo0fjnv6,cora,random_set,GAT,128,2,0.0694627957397286,0.07104175849253455,-1,False,full,False,False,False,0.6152687668800354,0.6147916316986084,0.14313508570194244,,0.4655582010746002,0.6129179000854492,0.485029935836792,0.5,0.47151899337768555,0.5,54.0,3,full_power_set,7,standard_focal_sets__full
bb1obnwt,run-20260414_002228-bb1obnwt,cora,random_set,GAT,64,3,0.09110075391926035,0.000675914657013811,-1,False,full,False,False,False,0.009326096624135971,0.009324160404503345,0.0018966137431561947,,0.9976246953010559,0.20410311222076416,0.916167676448822,0.8595601320266724,0.9113923907279968,0.8719326257705688,70.0,3,full_power_set,7,standard_focal_sets__full
9uj45jhr,run-20260414_002249-9uj45jhr,cora,random_set,GAT,128,3,0.07684475156621827,0.06550718578473111,-1,False,full,False,False,False,0.6105743050575256,0.6101149320602417,0.13824363052845,,0.4655582010746002,0.6076987385749817,0.485029935836792,0.5,0.47151899337768555,0.5,55.0,3,full_power_set,7,standard_focal_sets__full
vmrfuuor,run-20260414_002302-vmrfuuor,cora,random_set,GAT,128,3,0.0798152770182764,0.0015865727372506386,-1,False,full,False,False,False,0.11731638014316559,0.11721332371234894,0.01813609153032303,,0.9738717079162598,0.4078276753425598,0.9041916131973267,0.5500440001487732,0.9240506291389465,0.542265772819519,171.0,3,full_power_set,7,standard_focal_sets__full
57q2m317,run-20260414_002349-57q2m317,cora,random_set,GAT,256,3,0.049219499158631205,0.0019304164270484763,-1,False,full,False,False,False,0.007323923520743847,0.007318942807614803,0.0021786405704915524,,0.9976246953010559,0.11171844601631165,0.940119743347168,0.8872705101966858,0.9430379867553711,0.8934506177902222,178.0,3,full_power_set,7,standard_focal_sets__full
is2vawc1,run-20260414_002426-is2vawc1,cora,random_set,GAT,128,2,0.0037875012871124727,0.03835363785124992,-1,False,full,False,False,False,0.4105030596256256,0.4102403223514557,0.07215229421854019,,0.6888360977172852,0.41161930561065674,0.7305389046669006,0.4763985574245453,0.6930379867553711,0.44977423548698425,200.0,3,full_power_set,7,standard_focal_sets__full
wop4bq58,run-20260414_002452-wop4bq58,cora,random_set,GAT,128,3,0.0775897460417118,0.021500430529774628,-1,False,full,False,False,False,0.23766036331653595,0.23757490515708923,0.02802223525941372,,0.7814726829528809,0.2402847409248352,0.802395224571228,0.7936559319496155,0.7848101258277893,0.8071470856666565,140.0,3,full_power_set,7,standard_focal_sets__full
zf5cnpip,run-20260414_002514-zf5cnpip,cora,random_set,GAT,64,3,0.033591039282356884,0.04583245258406646,-1,False,full,False,False,False,0.5770591497421265,0.5767335891723633,0.09504810720682144,,0.4655582010746002,0.5728625655174255,0.485029935836792,0.501510500907898,0.47151899337768555,0.5058479309082031,58.0,3,full_power_set,7,standard_focal_sets__full
rdrjqxdj,run-20260414_002525-rdrjqxdj,cora,random_set,GAT,128,2,0.07269176733344694,0.08449424435451212,-1,False,full,False,False,False,0.6217365264892578,0.6212369799613953,0.1496189534664154,,0.4655582010746002,0.6196878552436829,0.485029935836792,0.4954954981803894,0.47151899337768555,0.4973165988922119,55.0,3,full_power_set,7,standard_focal_sets__full
jk87hmxk,run-20260414_002545-jk87hmxk,cora,random_set,GAT,128,3,0.04520125799007662,0.07298972668845496,-1,False,full,False,False,False,0.6185986995697021,0.6181082129478455,0.14524653553962708,,0.4655582010746002,0.6159558892250061,0.485029935836792,0.5,0.47151899337768555,0.5,56.0,3,full_power_set,7,standard_focal_sets__full
nd1sgsg2,run-20260414_002558-nd1sgsg2,cora,random_set,GAT,128,2,0.01313165835616286,0.053986545171710046,-1,False,full,False,False,False,0.5569470524787903,0.5566850900650024,0.0732291042804718,,0.4655582010746002,0.5519504547119141,0.485029935836792,0.5873658061027527,0.47151899337768555,0.5896416306495667,60.0,3,full_power_set,7,standard_focal_sets__full
8oqrqu7x,run-20260414_002618-8oqrqu7x,cora,random_set,GAT,64,3,0.0546193056699756,0.07203106750882285,-1,False,full,False,False,False,0.6169929504394531,0.6165083646774292,0.14280815422534943,,0.4655582010746002,0.6143186688423157,0.485029935836792,0.5133696794509888,0.47151899337768555,0.5373454689979553,56.0,3,full_power_set,7,standard_focal_sets__full
xv4587qu,run-20260414_002630-xv4587qu,cora,random_set,GAT,256,3,0.07465254419812202,0.08878393446853283,-1,False,full,False,False,False,0.6240672469139099,0.6235589385032654,0.1512889415025711,,0.4655582010746002,0.6220167279243469,0.485029935836792,0.5,0.47151899337768555,0.5,55.0,3,full_power_set,7,standard_focal_sets__full
abjb9in8,run-20260414_002647-abjb9in8,cora,random_set,GAT,256,2,0.005160701784804455,0.010505352116370216,-1,False,full,False,False,False,0.05162440240383148,0.05159146338701248,0.011371651664376259,,0.9952493906021118,0.11211718618869781,0.946107804775238,0.883871853351593,0.9398733973503113,0.875980794429779,92.0,3,full_power_set,7,standard_focal_sets__full
vky925li,run-20260414_002708-vky925li,cora,random_set,GAT,64,3,0.034865079283415354,0.026048777089816188,-1,False,full,False,False,False,0.26682424545288086,0.266717791557312,0.03437706455588341,,0.7814726829528809,0.2713821828365326,0.796407163143158,0.8021794557571411,0.7848101258277893,0.8191529512405396,133.0,3,full_power_set,7,standard_focal_sets__full
omcy6d0o,run-20260414_002735-omcy6d0o,cora,random_set,GAT,256,3,0.0492997361968345,0.04488919592221929,-1,False,full,False,False,False,0.5764647722244263,0.5761401653289795,0.09430444985628128,,0.4655582010746002,0.5716593861579895,0.485029935836792,0.5971930027008057,0.47151899337768555,0.5452383756637573,53.0,3,full_power_set,7,standard_focal_sets__full
1y8owitk,run-20260414_002751-1y8owitk,cora,random_set,GAT,64,2,0.019785007389328937,0.01292277922487115,-1,False,full,False,False,False,0.08803604543209076,0.08798390626907349,0.01833280920982361,,0.980997622013092,0.13876505196094513,0.9341317415237427,0.8704752922058105,0.9430379867553711,0.8792887926101685,71.0,3,full_power_set,7,standard_focal_sets__full
xk7tvjrj,run-20260414_002811-xk7tvjrj,cora,random_set,GAT,256,2,0.0003367216571736549,0.0866613612058151,-1,False,full,False,False,False,0.6109335422515869,0.6104682683944702,0.13841469585895538,,0.4655582010746002,0.6086301803588867,0.485029935836792,0.6260542273521423,0.47151899337768555,0.6442579627037048,200.0,3,full_power_set,7,standard_focal_sets__full
9ek0cp39,run-20260414_002849-9ek0cp39,cora,random_set,GAT,256,3,0.041313449591610145,0.056412072847477235,-1,False,full,False,False,False,0.5971015095710754,0.5966919660568237,0.12120455503463745,,0.4655582010746002,0.5935925841331482,0.485029935836792,0.5,0.47151899337768555,0.5,54.0,3,full_power_set,7,standard_focal_sets__full
n1fmwuyp,run-20260414_002906-n1fmwuyp,cora,random_set,GAT,128,2,0.04339622301768932,0.023882732041777505,-1,False,full,False,False,False,0.2671913206577301,0.267088383436203,0.028538106009364128,,0.7814726829528809,0.2800425589084625,0.796407163143158,0.7971984148025513,0.7848101258277893,0.7986759543418884,59.0,3,full_power_set,7,standard_focal_sets__full
h1wsi0qt,run-20260414_002926-h1wsi0qt,cora,random_set,GAT,128,3,0.04365260464017677,0.06541609921447762,-1,False,full,False,False,False,0.6112654805183411,0.6108005046844482,0.13631944358348846,,0.4655582010746002,0.6084144711494446,0.485029935836792,0.49700599908828735,0.47151899337768555,0.5007309913635254,56.0,3,full_power_set,7,standard_focal_sets__full
f1l5o3gs,run-20260414_002947-f1l5o3gs,cora,random_set,GAT,64,3,0.0009582944253498784,0.05791711173015719,-1,False,full,False,False,False,0.5691542625427246,0.5688559412956238,0.079950712621212,,0.4655582010746002,0.5644902586936951,0.485029935836792,0.6269173622131348,0.47151899337768555,0.6305772662162781,195.0,3,full_power_set,7,standard_focal_sets__full
bitg3w2m,run-20260414_003010-bitg3w2m,cora,random_set,GAT,128,2,0.00174678407942743,0.08521247795132338,-1,False,full,False,False,False,0.6270928382873535,0.626569390296936,0.1495775729417801,,0.4655582010746002,0.6252713799476624,0.485029935836792,0.6366996169090271,0.47151899337768555,0.6486486196517944,121.0,3,full_power_set,7,standard_focal_sets__full
vqtw7ebo,run-20260414_003032-vqtw7ebo,cora,random_set,GAT,256,3,0.04993888372065771,0.08878876502642478,-1,False,full,False,False,False,0.6248645186424255,0.6243548393249512,0.15419897437095642,,0.4655582010746002,0.6226714849472046,0.485029935836792,0.5,0.47151899337768555,0.5,55.0,3,full_power_set,7,standard_focal_sets__full
akowislg,run-20260414_003048-akowislg,cora,random_set,GAT,64,2,0.07377261328549185,0.08143452393721151,-1,False,full,False,False,False,0.6223227977752686,0.6218214631080627,0.14960291981697083,,0.4655582010746002,0.6199803352355957,0.485029935836792,0.5149520635604858,0.47151899337768555,0.5152120590209961,56.0,3,full_power_set,7,standard_focal_sets__full
qu6soqx7,run-20260414_003059-qu6soqx7,cora,random_set,GAT,256,2,0.08291282482780808,0.03743155201880998,-1,False,full,False,False,False,0.34144195914268494,0.34127041697502136,0.04964306950569153,,0.7767220735549927,0.34328514337539673,0.796407163143158,0.7117297053337097,0.7911392450332642,0.7146670818328857,75.0,3,full_power_set,7,standard_focal_sets__full
jv515sms,run-20260414_003116-jv515sms,cora,random_set,GAT,256,3,0.057368393588621905,0.06041372323831413,-1,False,full,False,False,False,0.6025207042694092,0.602089524269104,0.12663832306861877,,0.4655582010746002,0.59920334815979,0.485029935836792,0.5,0.47151899337768555,0.5,54.0,3,full_power_set,7,standard_focal_sets__full
3c37dr9o,run-20260414_003803-3c37dr9o,roman_empire,random_set,GAT,64,3,0.07200698206080804,0.006273202164454143,-1,False,full,False,False,False,0.3935757279396057,0.3930462896823883,0.018838858231902122,,0.21031442284584045,0.39143162965774536,0.21004216372966766,0.3883923292160034,0.2105061411857605,0.3566006124019623,63.0,13,budgeted,45,standard_focal_sets__full
ns54cu23,run-20260414_003937-ns54cu23,roman_empire,random_set,GAT,64,3,0.09949240096599642,0.05712529513233573,-1,False,full,False,False,False,0.650382936000824,0.6488866209983826,0.2312118411064148,,0.03163343667984009,0.65028977394104,0.03142966702580452,0.5160093903541565,0.031441718339920044,0.49509933590888977,55.0,13,budgeted,45,standard_focal_sets__full
en2p1tyh,run-20260414_004106-en2p1tyh,roman_empire,random_set,GAT,128,2,0.046193571163992135,0.05011708944462822,-1,False,full,False,False,False,0.6432048678398132,0.6426293253898621,0.21791259944438934,,0.03163343667984009,0.6433302760124207,0.03142966702580452,0.5,0.031441718339920044,0.5,58.0,13,budgeted,45,standard_focal_sets__full
p5me2czz,run-20260414_004240-p5me2czz,roman_empire,random_set,GAT,128,3,0.0885480875994467,0.01870666328629502,-1,False,full,False,False,False,0.3837040662765503,0.3834056556224823,0.025979463011026382,,0.13017638027668,0.3853393793106079,0.21004216372966766,0.3676798641681671,0.2105061411857605,0.33643826842308044,86.0,13,budgeted,45,standard_focal_sets__full
hhnukyuk,run-20260414_004450-hhnukyuk,roman_empire,random_set,GAT,128,3,0.04318108009487832,0.08722113299121219,-1,False,full,False,False,False,0.6683470606803894,0.6658365726470947,0.2490418255329132,,0.08167178183794022,0.6684049963951111,0.08164047449827194,0.5000280141830444,0.08167178183794022,0.4694049060344696,56.0,13,budgeted,45,standard_focal_sets__full
w3y1kt5v,run-20260414_004629-w3y1kt5v,roman_empire,random_set,GAT,64,3,0.0938130780963531,0.06896850215495857,-1,False,full,False,False,False,0.6604263782501221,0.6524728536605835,0.30248329043388367,,0.11924846470355988,0.6602177023887634,0.11920276284217834,0.5,0.11924846470355988,0.5,53.0,13,budgeted,45,standard_focal_sets__full
zu7ovicj,run-20260414_004752-zu7ovicj,roman_empire,random_set,GAT,64,3,0.025167033554288953,0.06487761700506263,-1,False,full,False,False,False,0.6560704112052917,0.6508676409721375,0.27205100655555725,,0.13017638027668,0.6560811400413513,0.13031813502311707,0.5,0.13036809861660004,0.5,61.0,13,budgeted,45,standard_focal_sets__full
osqc2le6,run-20260414_004930-osqc2le6,roman_empire,random_set,GAT,64,3,0.08744928068757761,0.05981807770395328,-1,False,full,False,False,False,0.6518786549568176,0.6512843370437622,0.22314326465129852,,0.13017638027668,0.6519176363945007,0.13031813502311707,0.5,0.13036809861660004,0.5,55.0,13,budgeted,45,standard_focal_sets__full
5b2ivqhp,run-20260414_005100-5b2ivqhp,roman_empire,random_set,GAT,128,2,0.019478027862893953,0.07608198047191185,-1,False,full,False,False,False,0.6650062799453735,0.6634795665740967,0.20640036463737488,,0.03163343667984009,0.6650206446647644,0.03142966702580452,0.5178931951522827,0.031441718339920044,0.4998416006565094,64.0,13,budgeted,45,standard_focal_sets__full
yvywa6ql,run-20260414_005234-yvywa6ql,roman_empire,random_set,GAT,256,2,0.029381106099595964,0.08575490125481268,-1,False,full,False,False,False,0.6651455163955688,0.659794807434082,0.27865487337112427,,0.08167178183794022,0.6652092337608337,0.08164047449827194,0.49596232175827026,0.08167178183794022,0.49980828166007996,59.0,13,budgeted,45,standard_focal_sets__full
txlec989,run-20260414_005408-txlec989,roman_empire,random_set,GAT,128,3,0.02168646167701487,0.0866132502254011,-1,False,full,False,False,False,0.6674726009368896,0.6639956831932068,0.2589850425720215,,0.11924846470355988,0.6674169301986694,0.11920276284217834,0.5,0.11924846470355988,0.5,62.0,13,budgeted,45,standard_focal_sets__full
5if2yy8f,run-20260414_005542-5if2yy8f,roman_empire,random_set,GAT,128,2,0.04119244664041741,0.08358608732831109,-1,False,full,False,False,False,0.6677618622779846,0.6614804267883301,0.2882603406906128,,0.13017638027668,0.6679192781448364,0.13031813502311707,0.4576646685600281,0.13036809861660004,0.4806867837905884,57.0,13,budgeted,45,standard_focal_sets__full
5l5vsngg,run-20260414_005706-5l5vsngg,roman_empire,random_set,GAT,64,3,0.0003057375557543481,0.046432455633302075,-1,False,full,False,False,False,0.6619247794151306,0.661293625831604,0.22213324904441833,,0.13017638027668,0.6617981791496277,0.13031813502311707,0.4417474567890167,0.13036809861660004,0.4339534342288971,200.0,13,budgeted,45,standard_focal_sets__full
fb8tnbli,run-20260414_010044-fb8tnbli,roman_empire,random_set,GAT,256,2,0.03115703436773583,0.041604203241060185,-1,False,full,False,False,False,0.46143627166748047,0.4602740705013275,0.09785440564155579,,0.03316717967391014,0.46158725023269653,0.033729396760463715,0.32733964920043945,0.030674846842885017,0.30522704124450684,70.0,13,budgeted,45,standard_focal_sets__full
cflifa7l,run-20260414_010233-cflifa7l,roman_empire,random_set,GAT,64,3,0.0285245414777777,0.08293536506268251,-1,False,full,False,False,False,0.6614625453948975,0.6608363389968872,0.2178950309753418,,0.06863497197628021,0.6613904237747192,0.06899195164442062,0.5001636147499084,0.06863497197628021,0.49997177720069885,62.0,13,budgeted,45,standard_focal_sets__full
pn7cy2oj,run-20260414_010415-pn7cy2oj,roman_empire,random_set,GAT,64,3,0.026994669172012327,0.07213831374971812,-1,False,full,False,False,False,0.6579769253730774,0.6564093828201294,0.23669977486133575,,0.03163343667984009,0.6579397320747375,0.03142966702580452,0.5,0.031441718339920044,0.5,61.0,13,budgeted,45,standard_focal_sets__full
26w38guq,run-20260414_010557-26w38guq,roman_empire,random_set,GAT,64,3,0.09412993769169418,0.06961206325662522,-1,False,full,False,False,False,0.6606142520904541,0.6590662598609924,0.23597724735736847,,0.03163343667984009,0.6608039736747742,0.03142966702580452,0.5,0.031441718339920044,0.5,54.0,13,budgeted,45,standard_focal_sets__full
ei23kywk,run-20260414_010726-ei23kywk,roman_empire,random_set,GAT,64,3,0.03142969685964501,0.08090546450963389,-1,False,full,False,False,False,0.6649616956710815,0.6614840030670166,0.258347749710083,,0.13017638027668,0.6648311614990234,0.13031813502311707,0.5,0.13036809861660004,0.5,61.0,13,budgeted,45,standard_focal_sets__full
4jn9lxyp,run-20260414_010906-4jn9lxyp,roman_empire,random_set,GAT,256,3,0.005435235834457769,0.09308190829684684,-1,False,full,False,False,False,0.6678982377052307,0.6634314060211182,0.27079737186431885,,0.13017638027668,0.6679075956344604,0.13031813502311707,0.5,0.13036809861660004,0.5,80.0,13,budgeted,45,standard_focal_sets__full
yjwscfm4,run-20260414_011147-yjwscfm4,roman_empire,random_set,GAT,64,3,0.02953191197548601,0.08745456803962777,-1,False,full,False,False,False,0.6666234135627747,0.6640568375587463,0.2496405392885208,,0.13017638027668,0.6665270924568176,0.13031813502311707,0.5,0.13036809861660004,0.5,61.0,13,budgeted,45,standard_focal_sets__full
fmrnqwew,run-20260414_011333-fmrnqwew,roman_empire,random_set,GAT,64,3,0.022000199221437197,0.09570959237508236,-1,False,full,False,False,False,0.6670078039169312,0.6663702130317688,0.22036226093769073,,0.13017638027668,0.6670031547546387,0.13031813502311707,0.5,0.13036809861660004,0.5,64.0,13,budgeted,45,standard_focal_sets__full
hkun1qu5,run-20260414_011517-hkun1qu5,roman_empire,random_set,GAT,64,3,0.011100835542669088,0.09702393194523388,-1,False,full,False,False,False,0.6679667234420776,0.6653975248336792,0.2513740062713623,,0.03163343667984009,0.6679515242576599,0.03142966702580452,0.5,0.031441718339920044,0.5,75.0,13,budgeted,45,standard_focal_sets__full
dw8fxpqy,run-20260414_011723-dw8fxpqy,roman_empire,random_set,GAT,64,2,0.09464835424477996,0.0618347228635568,-1,False,full,False,False,False,0.6531906127929688,0.6526052951812744,0.22397883236408234,,0.08167178183794022,0.6532636284828186,0.08164047449827194,0.5388265252113342,0.08167178183794022,0.5236157774925232,53.0,13,budgeted,45,standard_focal_sets__full
k5ybbuq9,run-20260414_011903-k5ybbuq9,roman_empire,random_set,GAT,64,2,0.05440117368551797,0.051678834567834425,-1,False,full,False,False,False,0.6485689282417297,0.6417486667633057,0.28343966603279114,,0.03163343667984009,0.6486368775367737,0.03142966702580452,0.4972500205039978,0.031441718339920044,0.4989106357097626,58.0,13,budgeted,45,standard_focal_sets__full
5omy3okv,run-20260414_012115-5omy3okv,roman_empire,random_set,GAT,64,2,0.06906535436254407,0.0738511959185575,-1,False,full,False,False,False,0.6582236289978027,0.6575877666473389,0.2270614355802536,,0.06863497197628021,0.6583362221717834,0.06899195164442062,0.4846256375312805,0.06863497197628021,0.4905105233192444,55.0,13,budgeted,45,standard_focal_sets__full
dc0nj9c7,run-20260414_012254-dc0nj9c7,roman_empire,random_set,GAT,64,2,0.08493956710661345,0.050759048585558145,-1,False,full,False,False,False,0.5105908513069153,0.5084795951843262,0.14446762204170227,,0.13017638027668,0.511134922504425,0.13031813502311707,0.6735848188400269,0.13036809861660004,0.6957030296325684,81.0,13,budgeted,45,standard_focal_sets__full
g43unxys,run-20260414_012514-g43unxys,roman_empire,random_set,GAT,64,2,0.09841112634320329,0.053279532602947176,-1,False,full,False,False,False,0.6500053405761719,0.6494597792625427,0.2097027450799942,,0.13017638027668,0.6500536203384399,0.13031813502311707,0.5118822455406189,0.13036809861660004,0.5078682899475098,55.0,13,budgeted,45,standard_focal_sets__full
pft3bluy,run-20260414_012649-pft3bluy,roman_empire,random_set,GAT,128,2,0.09489094818573976,0.022487982671558323,-1,False,full,False,False,False,0.4180261790752411,0.41724762320518494,0.05420486629009247,,0.1363113522529602,0.42022567987442017,0.12878496944904327,0.43480825424194336,0.12921778857707977,0.43659427762031555,54.0,13,budgeted,45,standard_focal_sets__full
jhgus0zn,run-20260414_012828-jhgus0zn,roman_empire,random_set,GAT,128,2,0.05167948084433885,0.03610479880859967,-1,False,full,False,False,False,0.43957483768463135,0.439355731010437,0.0801146849989891,,0.06863497197628021,0.43991217017173767,0.06899195164442062,0.33146920800209045,0.06863497197628021,0.3102606534957886,58.0,13,budgeted,45,standard_focal_sets__full
zha6w80x,run-20260414_013007-zha6w80x,roman_empire,random_set,GAT,256,3,0.01569107896258063,0.09007090055674598,-1,False,full,False,False,False,0.6651120185852051,0.6625738143920898,0.24949884414672852,,0.03163343667984009,0.6651255488395691,0.03142966702580452,0.5,0.031441718339920044,0.5,63.0,13,budgeted,45,standard_focal_sets__full
l3d146w4,run-20260414_013212-l3d146w4,roman_empire,random_set,GAT,128,3,0.09160266031543436,0.03768608024443948,-1,False,full,False,False,False,0.4051980972290039,0.4044589102268219,0.060186244547367096,,0.09758435934782028,0.3988164961338043,0.03142966702580452,0.633518397808075,0.031441718339920044,0.6641322374343872,63.0,13,budgeted,45,standard_focal_sets__full
jjhifep0,run-20260414_013406-jjhifep0,roman_empire,random_set,GAT,64,3,0.08151764458240877,0.07370577273108987,-1,False,full,False,False,False,0.6610042452812195,0.6575451493263245,0.25695204734802246,,0.07553680986166,0.6608594655990601,0.07589114457368851,0.5,0.07553680986166,0.5,54.0,13,budgeted,45,standard_focal_sets__full
ibj3157p,run-20260414_013543-ibj3157p,roman_empire,random_set,GAT,64,3,0.0907007408161503,0.037392297903396626,-1,False,full,False,False,False,0.4512539803981781,0.45035478472709656,0.07452201098203659,,0.13017638027668,0.45080050826072693,0.1376006156206131,0.6324203014373779,0.13420245051383972,0.6631025671958923,67.0,13,budgeted,45,standard_focal_sets__full
zcvncfno,run-20260414_013726-zcvncfno,roman_empire,random_set,GAT,256,3,0.09315333270367804,0.04064463308205657,-1,False,full,False,False,False,0.4082297086715698,0.4077253043651581,0.0595969557762146,,0.03163343667984009,0.40940558910369873,0.03142966702580452,0.48983532190322876,0.031441718339920044,0.49169665575027466,55.0,13,budgeted,45,standard_focal_sets__full
pxjg6blw,run-20260414_013927-pxjg6blw,roman_empire,random_set,GAT,256,3,0.09914061446557676,0.043548420402302335,-1,False,full,False,False,False,0.4200150966644287,0.41965019702911377,0.06748003512620926,,0.08167178183794022,0.4211873412132263,0.08164047449827194,0.3689939081668854,0.08167178183794022,0.338564395904541,55.0,13,budgeted,45,standard_focal_sets__full
huuhl2uc,run-20260414_014131-huuhl2uc,roman_empire,random_set,GAT,128,3,0.001680188775571631,0.07387254679845646,-1,False,full,False,False,False,0.6580308079719543,0.6574341654777527,0.21687906980514526,,0.03163343667984009,0.6580156683921814,0.03142966702580452,0.5,0.031441718339920044,0.5,200.0,13,budgeted,45,standard_focal_sets__full
atgmpeax,run-20260414_014603-atgmpeax,roman_empire,random_set,GAT,64,3,0.09689183327545516,0.004658645651868642,-1,False,full,False,False,False,0.4016607403755188,0.40112704038619995,0.015997404232621193,,0.21031442284584045,0.4020432233810425,0.21004216372966766,0.41923972964286804,0.2105061411857605,0.3892684876918793,142.0,13,budgeted,45,standard_focal_sets__full
8ve87v41,run-20260414_014906-8ve87v41,roman_empire,random_set,GAT,256,2,0.0060349489711204385,0.01695043204503715,-1,False,full,False,False,False,0.40166351199150085,0.4012931287288666,0.03018326871097088,,0.21031442284584045,0.4015050232410431,0.21004216372966766,0.323973685503006,0.2105061411857605,0.3017650842666626,65.0,13,budgeted,45,standard_focal_sets__full
dqh5syur,run-20260414_015105-dqh5syur,roman_empire,random_set,GAT,64,3,0.06318935077434096,0.01067518077151624,-1,False,full,False,False,False,0.4047424793243408,0.4039176106452942,0.016271406784653664,,0.08282208442687988,0.40446481108665466,0.1805289387702942,0.39164701104164124,0.18213190138339996,0.36071646213531494,90.0,13,budgeted,45,standard_focal_sets__full
n6njbq9a,run-20260414_015307-n6njbq9a,roman_empire,random_set,GAT,128,2,0.05351907177930776,0.06850370360125423,-1,False,full,False,False,False,0.6573811173439026,0.6521211266517639,0.27422162890434265,,0.035084355622529984,0.6574549078941345,0.03487926349043846,0.49983638525009155,0.03489263728260994,0.4959745705127716,56.0,13,budgeted,45,standard_focal_sets__full
pae7hwsx,run-20260414_015441-pae7hwsx,roman_empire,random_set,GAT,64,2,0.09317522027854452,0.03259656380272679,-1,False,full,False,False,False,0.44069063663482666,0.4403962790966034,0.07002086937427521,,0.08167178183794022,0.4406373202800751,0.08164047449827194,0.5935826897621155,0.08167178183794022,0.6185672283172607,61.0,13,budgeted,45,standard_focal_sets__full
y69j7kvx,run-20260414_015616-y69j7kvx,roman_empire,random_set,GAT,64,3,0.07903011093217484,0.07613056794566041,-1,False,full,False,False,False,0.6616295576095581,0.659067690372467,0.24860702455043793,,0.13017638027668,0.6615074276924133,0.13031813502311707,0.5006263852119446,,,38.0,13,budgeted,45,standard_focal_sets__full
lhtmhjcw,run-20260414_015745-lhtmhjcw,roman_empire,random_set,GAT,256,3,0.07829320517697419,0.02015272963658108,-1,False,full,False,False,False,0.3620440363883972,0.36180809140205383,0.02620251476764679,,0.05195552110671997,0.36271509528160095,0.06439248472452164,0.3734993636608124,0.05789877474308014,0.34399402141571045,85.0,13,budgeted,45,standard_focal_sets__full
9lrlkv08,run-20260414_020022-9lrlkv08,roman_empire,random_set,GAT,128,2,0.0408609281714328,0.05782817408976596,-1,False,full,False,False,False,0.6713342666625977,0.6706541776657104,0.22768351435661316,,0.03163343667984009,0.65963214635849,0.03142966702580452,0.5204610824584961,,,1.0,13,budgeted,45,standard_focal_sets__full
wp8ui99k,run-20260414_020059-wp8ui99k,roman_empire,random_set,GAT,128,3,0.005998645563597614,0.06281402523831225,-1,False,full,False,False,False,0.6546850204467773,0.6522185802459717,0.24353794753551483,,0.03163343667984009,0.6546886563301086,0.03142966702580452,0.5,0.031441718339920044,0.5,92.0,13,budgeted,45,standard_focal_sets__full
cm9jc4lc,run-20260414_020400-cm9jc4lc,roman_empire,random_set,GAT,64,2,0.01604828164369452,0.07650926634968104,-1,False,full,False,False,False,0.6582629680633545,0.6576346158981323,0.22743718326091766,,0.03163343667984009,0.6582943201065063,0.03142966702580452,0.5325040221214294,0.031441718339920044,0.5093647241592407,70.0,13,budgeted,45,standard_focal_sets__full
5g9k362m,run-20260414_020550-5g9k362m,roman_empire,random_set,GAT,64,3,0.006134687909778885,0.04703155458878273,-1,False,full,False,False,False,0.6361278891563416,0.6304739713668823,0.2630680501461029,,0.13017638027668,0.6361993551254272,0.13031813502311707,0.5,0.13036809861660004,0.5,102.0,13,budgeted,45,standard_focal_sets__full
5j43wcem,run-20260414_020816-5j43wcem,roman_empire,random_set,GAT,128,3,0.09481634369252168,0.09939859136020188,-1,False,full,False,False,False,0.6671034693717957,0.6635846495628357,0.26164165139198303,,0.08167178183794022,0.667136013507843,0.08164047449827194,0.5,0.08167178183794022,0.5,53.0,13,budgeted,45,standard_focal_sets__full
uyf0yh8y,run-20260414_020956-uyf0yh8y,roman_empire,random_set,GAT,128,2,0.08317499229192143,0.02157053703447316,-1,False,full,False,False,False,0.39584046602249146,0.39521270990371704,0.0337938629090786,,0.21031442284584045,0.3955382704734802,0.21004216372966766,0.32590410113334656,0.2105061411857605,0.30387642979621887,54.0,13,budgeted,45,standard_focal_sets__full
x1hjxz4x,run-20260414_021135-x1hjxz4x,roman_empire,random_set,GAT,64,3,0.08820754765875069,0.04986934485109762,-1,False,full,False,False,False,0.6484623551368713,0.6461476683616638,0.1876467913389206,,0.13017638027668,0.6482827067375183,0.13031813502311707,0.5,0.13036809861660004,0.5,56.0,13,budgeted,45,standard_focal_sets__full
6cikt75k,run-20260414_021313-6cikt75k,roman_empire,random_set,GAT,128,3,0.08346191282637715,0.08140382095072335,-1,False,full,False,False,False,0.6632929444313049,0.6607685685157776,0.24797245860099792,,0.08167178183794022,0.6631196737289429,0.08164047449827194,0.5004439353942871,0.08167178183794022,0.49732813239097595,53.0,13,budgeted,45,standard_focal_sets__full
bvd3q904,run-20260414_021444-bvd3q904,roman_empire,random_set,GAT,64,3,0.010876919989766018,0.06173453719338235,-1,False,full,False,False,False,0.655378520488739,0.6530064940452576,0.19219602644443512,,0.13017638027668,0.6553854942321777,0.13031813502311707,0.5,0.13036809861660004,0.5,75.0,13,budgeted,45,standard_focal_sets__full
b9xv0eah,run-20260414_021638-b9xv0eah,roman_empire,random_set,GAT,128,2,0.05935721018417488,0.0007393223248895954,-1,False,full,False,False,False,0.33717426657676697,0.3370579183101654,0.004694444593042135,,0.37557515501976013,0.3418734669685364,0.35454195737838745,0.4889284372329712,0.35621166229248047,0.48445743322372437,193.0,13,budgeted,45,standard_focal_sets__full
emx2so5v,run-20260414_022048-emx2so5v,roman_empire,random_set,GAT,64,2,0.015627709002016942,0.05695356374275102,-1,False,full,False,False,False,0.6539977788925171,0.6534116864204407,0.2222675234079361,,0.03163343667984009,0.6539795994758606,0.03142966702580452,0.5,0.031441718339920044,0.4996729791164398,66.0,13,budgeted,45,standard_focal_sets__full
3ktxoxwa,run-20260414_022242-3ktxoxwa,roman_empire,random_set,GAT,64,3,0.03815861748878484,0.0003274458173135346,-1,False,full,False,False,False,0.27878186106681824,0.2786767780780792,0.007183702662587166,,0.4079754650592804,0.3245525360107422,0.32196244597435,0.528066873550415,0.3121165633201599,0.5334597826004028,200.0,13,budgeted,45,standard_focal_sets__full
x7tca3w5,run-20260414_022658-x7tca3w5,roman_empire,random_set,GAT,256,2,0.05983520366633946,0.05419597838851468,-1,False,full,False,False,False,0.6513782739639282,0.6471767425537109,0.25775283575057983,,0.03163343667984009,0.6516690850257874,0.03142966702580452,0.5,0.031441718339920044,0.5,71.0,13,budgeted,45,standard_focal_sets__full
j9r96jg1,run-20260414_022923-j9r96jg1,roman_empire,random_set,GAT,256,2,0.08964229524766752,0.02575716755550441,-1,False,full,False,False,False,0.4326821267604828,0.4324173629283905,0.054685670882463455,,0.06863497197628021,0.4326002597808838,0.06899195164442062,0.32974517345428467,0.06863497197628021,0.3073646128177643,53.0,13,budgeted,45,standard_focal_sets__full
istmr1gm,run-20260414_023140-istmr1gm,roman_empire,random_set,GAT,256,3,0.0890661502762083,0.0341585742470658,-1,False,full,False,False,False,0.3902158737182617,0.3896794319152832,0.05056474357843399,,0.13017638027668,0.3839728534221649,0.13031813502311707,0.36829790472984314,0.13036809861660004,0.3378860354423523,67.0,13,budgeted,45,standard_focal_sets__full
v8bo0frq,run-20260414_023411-v8bo0frq,roman_empire,random_set,GAT,128,3,0.05531510262686514,0.020263591658414005,-1,False,full,False,False,False,0.3823310136795044,0.38130712509155273,0.04166887700557709,,0.2156825214624405,0.3800166845321655,0.1345342993736267,0.36545825004577637,0.13266871869564056,0.3350454568862915,74.0,13,budgeted,45,standard_focal_sets__full
